District_Name,Crop_Name,Season,Cultivated_Area_Hectares,Yield_Quintals_per_Ha,Production_Metric_Tons
Jessore,Wheat,Kharif,16490.142459033697,30.69198608958731,5061.152229679753
Chittagong,Gram,Rabi,16943.06561430208,45.81823176835924,7763.013071826106
Dhaka,Wheat,Rabi,14297.539875829993,29.752628902482016,4253.893981440086
Mymensingh,Coriander,Rabi,19737.638446522174,42.026510778509355,8295.040749150847
Mymensingh,Citrus,Rabi,13591.576842195143,38.19593346538869,5191.429647542034
Rangpur,Wheat,Rabi,13609.746921562612,40.476299769816144,5508.721961885008
Sylhet,Cotton,Rabi,15725.886814698102,24.569754522436728,3863.811786847568
Sylhet,Gram,Rabi,9825.2465024609,32.558392734914605,3198.9423434446817
Sylhet,Guava,Kharif,11961.506638996729,46.59791993069445,5573.813286144397
Rajshahi,Garlic,Rabi,12275.927773436368,42.36129735790658,5200.24226754722
Cumilla,Mustard,Kharif,19396.94630676466,44.70252606335523,8670.924978276493
Bogra,Guava,Rabi,15202.584614063771,36.5428318255787,5555.454928658627
Dhaka,Fenugreek,Rabi,13366.851826424452,44.81839184994944,5990.808029569034
Jessore,Maize,Rabi,11547.019267733092,35.79943234551442,4133.767350675623
Rajshahi,Fennel,Kharif,13198.083930243583,28.218505095622184,3724.301986380279
Sylhet,Bajra,Kharif,13194.88016331181,50.42611943789738,6653.666030839041
Jessore,Coriander,Rabi,14959.5083257862,34.296805639539244,5130.633495125584
Barisal,Oilseeds,Kharif,17467.634736309567,30.276137502721703,5288.525111238265
Mymensingh,Maize,Kharif,15626.590785014268,37.04284337791913,5788.533549801177
Dhaka,Maize,Rabi,11015.441853304708,46.01450388713084,5068.700919773532
Cumilla,Cotton,Rabi,17215.39973998623,30.793381210797985,5301.2036688966855
Bogra,Opium,Kharif,14653.05515283528,29.40284776689259,4308.415499786967
Rajshahi,Pomegranate,Kharif,10564.434028897718,26.515066022755143,2801.166657692642
Chittagong,Maize,Kharif,13618.083687120636,48.29236311582901,6576.494423601774
Cumilla,Cumin,Kharif,16030.854868705384,28.046775038519435,4496.1378017773395
Chittagong,Chilli,Kharif,15972.251908184386,26.22251059392608,4188.32544871221
Dhaka,Gram,Rabi,12969.233999082124,43.17482643027152,5599.444268439468
Cumilla,Coriander,Rabi,18092.99856748785,37.843198459273616,6846.969355127961
Bogra,Tomato,Kharif,12482.347430332084,47.75325487001329,5960.727182167035
Dhaka,Fenugreek,Rabi,15993.790294210692,46.144220115001914,7380.209798092394
Mymensingh,Cotton,Kharif,13562.47728646413,27.27288024225128,3698.8781882198937
Cumilla,Oilseeds,Kharif,11680.995077981916,22.08091117079624,2579.270147034268
Rangpur,Chilli,Rabi,17437.577467182593,42.80398745871082,7463.978472155822
Jessore,Fennel,Kharif,14783.969635258998,50.66217314913776,7489.880294930864
Mymensingh,Coriander,Rabi,16084.908075142905,26.96168324867614,4336.761966060761
Chittagong,Garlic,Rabi,16084.186816525242,46.12170270813714,7418.30082653916
Rajshahi,Wheat,Rabi,14892.521882670146,55.77334518506045,8306.057636382284
Rangpur,Maize,Rabi,7140.764687730767,33.57147848478196,2397.2602807904423
Bogra,Mustard,Rabi,15261.141204714511,42.00305711815018,6410.145857097789
Jessore,Garlic,Rabi,15275.282329606507,22.602897116642307,3452.656349237601
Rajshahi,Garlic,Rabi,14340.984336487463,32.75583478817339,4697.509136257658
Bogra,Citrus,Rabi,19433.68213422455,45.72359128243136,8885.777390179717
Barisal,Opium,Kharif,12574.519191320436,33.21992189882513,4177.245454509426
Sylhet,Tomato,Kharif,17746.206353106223,28.946433330018777,5136.89379060945
Barisal,Mustard,Kharif,13410.719388698884,26.836015584563015,3598.902745153247
Mymensingh,Maize,Rabi,15291.23264804412,27.618796876361163,4223.254484955128
Dhaka,Maize,Rabi,12893.840718367945,46.07466529607336,5940.793954796851
Sylhet,Mustard,Rabi,13823.675540603526,27.28425513246576,3771.6869031825313
Rajshahi,Bajra,Rabi,15888.360831193728,44.208539829894185,7024.012326375586
Bogra,Cumin,Kharif,15015.340369927382,30.345953160176048,4556.548155499168
Rajshahi,Citrus,Rabi,10753.887773848755,26.20733734260759,2818.3076463379775
Cumilla,Guava,Kharif,13971.856450419691,32.44731869968946,4533.4927907307965
Dhaka,Fenugreek,Rabi,14516.142865001972,27.586670501198277,4004.5205016512978
Sylhet,Gram,Rabi,20000.0,30.30981477500791,6061.9629550015825
Mymensingh,Tomato,Rabi,15772.651172168293,35.28240779388867,5564.9711064719795
Rangpur,Tomato,Rabi,9243.686354102876,46.73789913397067,4320.3048044412135
Jessore,Tomato,Rabi,15180.69062982308,32.734341778550174,4969.299155110628
Mymensingh,Wheat,Rabi,14422.917105656632,49.61140168541649,7155.4113400419565
Barisal,Oilseeds,Kharif,14895.86469088427,32.80043774852141,4885.908825037476
Barisal,Pomegranate,Rabi,18428.46844354506,31.305250841725783,5769.07827254006
Dhaka,Pomegranate,Kharif,17373.09584112914,43.78307342015787,7606.475307475964
Rajshahi,Sugarcane,Kharif,19208.382932808297,36.468866083888464,7005.079448646346
Mymensingh,Fenugreek,Kharif,16760.57128140081,35.193748638324294,5898.673327123371
Rangpur,Bajra,Rabi,12028.391024607936,37.24379173709968,4479.82890252897
Mymensingh,Barley,Kharif,15298.954095262923,25.098489379472017,3839.806368769864
Bogra,Onion,Rabi,10348.009706801602,26.603146513211968,2752.8961835018267
Mymensingh,Mustard,Rabi,11813.088858821686,27.97814235544664,3305.082817496538
Jessore,Fenugreek,Rabi,12241.72729729859,40.5337888427336,4962.035893390289
Bogra,Maize,Rabi,12650.240122991288,39.18068659697009,4956.450936353381
Cumilla,Fenugreek,Kharif,17440.55165210901,42.414254204837576,7397.279912451515
Barisal,Fenugreek,Kharif,15682.379803812388,35.014997234879225,5491.184854668166
Cumilla,Pulses,Kharif,10177.550296316316,37.103246803215725,3776.201604963656
Jessore,Wheat,Kharif,15779.64838274527,43.697629849172266,6895.332341792926
Bogra,Gram,Rabi,11289.147867365757,33.364911309035946,3766.614173492507
Mymensingh,Cotton,Rabi,16565.824696850694,49.76685546146387,8244.29003288117
Jessore,Maize,Kharif,15751.47855103763,33.23763873269942,5235.419535852525
Rajshahi,Garlic,Kharif,12959.925835264528,41.22773944245385,5343.084455298122
Mymensingh,Wheat,Kharif,15879.217419896044,44.84401932077153,7120.8793277655
Jessore,Pulses,Kharif,20000.0,29.207033822911143,5841.406764582229
Jessore,Garlic,Rabi,11426.089508392057,33.89711733345565,3873.11496728532
Bogra,Bajra,Kharif,12075.954989318036,32.458265092283156,3919.6454828576425
Rangpur,Chilli,Kharif,18475.786737022212,28.711098577527817,5304.601343040256
Dhaka,Mustard,Kharif,17890.128387732966,47.621502234356925,8519.547889893576
Dhaka,Wheat,Kharif,17466.18047998347,52.67659685965853,9200.589478221264
Rangpur,Oilseeds,Kharif,14263.835651991389,35.86811640583873,5116.169175593796
Cumilla,Garlic,Rabi,12331.45671112343,25.529151646310343,3148.116283981815
Chittagong,Garlic,Rabi,14768.694871757689,47.42956478220766,7004.727701686893
Bogra,Garlic,Rabi,15830.072397990058,38.70140686849243,6126.460726323047
Dhaka,Sugarcane,Kharif,15039.005675633722,54.37512298301047,8177.477831547761
Dhaka,Guava,Rabi,14206.029500286131,53.49043206198926,7598.866558556706
Jessore,Guava,Kharif,16877.00204329502,45.1162022682128,7614.2623786633885
Chittagong,Maize,Rabi,11787.322505816664,51.78881306758995,6104.514418211351
Chittagong,Citrus,Rabi,14329.611644022449,31.589176826438617,4526.606360772189
Sylhet,Citrus,Rabi,16419.712873720633,31.439492533918592,5162.274403024268
Jessore,Pomegranate,Rabi,12459.618845794785,39.42611921192225,4912.344179494183
Barisal,Bajra,Kharif,13660.455143798936,36.63107522975797,5003.971600452331
Barisal,Maize,Rabi,15642.281232390613,36.33091029446909,5682.983162548407
Cumilla,Mango,Kharif,15519.542777553546,48.40474252703931,7512.19472284852
Rangpur,Guava,Kharif,12348.4276913966,42.633413210712504,5264.556202699159
Mymensingh,Mango,Rabi,15174.626155338,24.6965375605443,3747.607248125228
Rangpur,Oilseeds,Kharif,16073.36208104485,27.412026360496967,4406.034250674138
Bogra,Citrus,Kharif,18249.15372952583,47.76748734619414,8717.162198538768
Sylhet,Citrus,Rabi,10866.991896128726,31.382208427201263,3410.3020466101875
Bogra,Bajra,Kharif,16545.105801625978,27.451141163690178,4541.82034928624
Cumilla,Wheat,Rabi,16545.143058918144,47.24548435592912,7816.832975567265
Jessore,Fenugreek,Kharif,16712.6715320795,45.186884029181215,7551.935503378748
Jessore,Sugarcane,Kharif,17862.005290479607,44.386821239138705,7928.3763580106815
Sylhet,Pomegranate,Kharif,14054.192266078962,41.809690007919286,5876.014219564581
Barisal,Citrus,Kharif,12681.524356387285,40.93989838466956,5191.803185132075
Chittagong,Coriander,Kharif,13543.90935651269,35.43968220484045,4799.9184340597485
Dhaka,Sugarcane,Kharif,20000.0,24.605237111669584,4921.047422333917
Bogra,Coriander,Kharif,17058.78057112354,30.718180492383443,5240.147005637368
Rajshahi,Fenugreek,Rabi,13584.2044026317,41.893334486910035,5690.876187780057
Chittagong,Fenugreek,Rabi,15192.840057286388,28.635674889931007,4350.572285351738
Bogra,Mango,Rabi,12854.088872220094,48.55007784618938,6240.670153881223
Barisal,Fenugreek,Kharif,12808.90010484859,31.278726628198463,4006.4608478746177
Barisal,Pulses,Rabi,15136.71551971144,24.45105989637092,3701.087378067917
Rajshahi,Coriander,Rabi,20000.0,38.69194419581555,7738.388839163111
Bogra,Bajra,Kharif,8924.572240027179,38.05601190289823,3396.336273947494
Barisal,Pulses,Rabi,13014.640605694836,51.34991147351465,6683.00642962039
Jessore,Citrus,Rabi,12622.4377847019,29.05987440909497,3668.064567600521
Mymensingh,Tomato,Rabi,16514.961836941373,42.30597523987252,6986.815665610812
Jessore,Tomato,Rabi,11399.110778832672,43.52897484420537,4961.916063381177
Mymensingh,Garlic,Kharif,13575.16406651713,45.56594550889763,6185.651861292647
Rajshahi,Coriander,Kharif,20000.0,47.61759682900077,9523.519365800154
Mymensingh,Tomato,Rabi,11217.348136994864,47.59247350182276,5338.61343970649
Rajshahi,Tomato,Kharif,20000.0,48.316041353267046,9663.20827065341
Rangpur,Chilli,Kharif,10441.89010213796,38.69939337162329,4040.948126058966
Rangpur,Tomato,Rabi,18800.73344755987,39.80706312218198,7484.019830903338
Barisal,Cotton,Kharif,16331.458284438686,35.54846914130332,5805.583408568511
Mymensingh,Mustard,Rabi,12219.208585265753,28.599507438614506,3494.6334682829
Cumilla,Opium,Rabi,5276.197979792782,38.29039184314339,2020.276880882671
Jessore,Citrus,Kharif,14242.29554582052,29.12040623363383,4147.414319937672
Rajshahi,Citrus,Rabi,19897.233911794905,25.85600024588421,5144.628849157847
Cumilla,Pomegranate,Rabi,13679.86653990905,47.02517635202083,6432.981365113321
Bogra,Pomegranate,Kharif,19323.81986719835,21.536581803505115,4161.690273261146
Sylhet,Sugarcane,Kharif,18489.49125646488,46.38361487916462,8576.094417515485
Cumilla,Garlic,Rabi,12055.474046856149,38.92502696894872,4692.596523973369
Rangpur,Citrus,Kharif,15597.17908672041,24.18152533879961,3771.63581299325
Sylhet,Fenugreek,Kharif,15209.406254970056,41.443658120043125,6303.334330398245
Rajshahi,Pulses,Rabi,15340.552035753744,50.82981179978978,7797.573728822447
Bogra,Cumin,Rabi,19758.050448436057,23.74436913260462,4691.4244318829
Cumilla,Pulses,Kharif,20000.0,23.776128625339616,4755.225725067923
Rangpur,Pomegranate,Kharif,14544.64471489325,32.07360858932606,4664.99241656296
Sylhet,Mango,Kharif,15842.975603205095,29.966490939055696,4747.58384861126
Cumilla,Cotton,Rabi,14375.633248928174,34.945514294105415,5023.638971872366
Mymensingh,Barley,Kharif,13231.905729167363,33.2058084410315,4393.761269525187
Jessore,Fennel,Rabi,16071.04645789514,40.81701755294393,6559.721853660834
Barisal,Bajra,Rabi,17698.79962629975,41.77898059077667,7394.378060672228
Barisal,Pulses,Kharif,17438.58635651688,44.36431971294069,7736.510204622403
Bogra,Bajra,Kharif,12513.014967233785,40.10660414272631,5018.545379228548
Sylhet,Oilseeds,Rabi,17241.880815369786,47.1575754180117,8130.852948991698
Chittagong,Sugarcane,Rabi,14937.295218107556,39.93017568456818,5964.488223112949
Rangpur,Cumin,Kharif,18832.994687365273,32.850809018686384,6186.791117245719
Barisal,Mustard,Rabi,16641.292143510113,26.99054176697818,4491.574906558955
Rangpur,Fenugreek,Rabi,14346.95639031834,49.839812631279536,7150.496183226046
Bogra,Barley,Kharif,17476.24904696409,41.43588869924814,7241.439103903453
Sylhet,Mustard,Kharif,18916.436421462982,25.369477717624218,4799.0011229116035
Cumilla,Onion,Rabi,17045.85891388489,34.72614839257074,5919.370261223915
Sylhet,Fennel,Kharif,15972.499057465326,42.12723018855128,6728.771444802601
Cumilla,Oilseeds,Kharif,15290.987894978154,42.802112826351966,6544.865891072371
Mymensingh,Onion,Kharif,12545.337950299583,43.39880683124725,5444.526983377669
Bogra,Cotton,Kharif,11981.947855500894,40.67200641787164,4873.298600775357
Jessore,Cotton,Kharif,18474.332620500205,33.558386682753685,6199.68797784556
Rajshahi,Cumin,Kharif,16872.359451156466,35.509212534046156,5991.241977019373
Rajshahi,Mango,Rabi,14963.259681459256,33.85197161067964,5065.35841939986
Sylhet,Cotton,Kharif,15227.41367458118,29.825122871163316,4541.594838544162
Bogra,Opium,Kharif,17925.359200253253,38.32279931116366,6869.499432118265
Mymensingh,Bajra,Rabi,12523.508409622464,30.03651561171685,3761.625558590925
Cumilla,Onion,Rabi,16238.794362826871,39.88263850154879,6476.4596527361255
Rajshahi,Tomato,Rabi,12533.338813300708,27.992241571388192,3508.362477579692
Barisal,Pomegranate,Rabi,15734.89971332617,30.999720171744546,4877.774880435747
Bogra,Guava,Kharif,13586.885083145033,39.73803212999852,5399.16075980615
Sylhet,Citrus,Kharif,10655.746975508027,29.038702321759708,3094.2906443776897
Rajshahi,Cotton,Kharif,12844.667336242692,30.617320529206474,3932.692969247712
Jessore,Bajra,Kharif,15932.722696794011,32.11822365069129,5117.3075094007545
Mymensingh,Opium,Rabi,17572.978869606057,29.312091046227373,5151.007565793225
Rajshahi,Cotton,Kharif,14942.951376291934,44.5489656015228,6656.930268476572
Barisal,Sugarcane,Rabi,14944.46059202283,33.039951535852545,4937.642536898926
Rangpur,Wheat,Rabi,15968.155681014268,29.22240876649585,4666.279725576418
Dhaka,Garlic,Kharif,16558.039542723516,48.93967904705696,8103.451408693667
Chittagong,Fennel,Kharif,14673.719554629428,28.67199712558434,4207.248448919657
Dhaka,Cumin,Kharif,17070.43197513334,35.2610432841812,6019.212407548474
Rajshahi,Mango,Rabi,15672.27744543125,49.199316913602544,7710.653447956774
Rangpur,Onion,Rabi,15293.028295646494,42.03160807965431,6427.905716736772
Cumilla,Onion,Rabi,15073.530522776828,41.38891351472143,6238.7705116872385
Dhaka,Pulses,Rabi,19353.43082338513,49.621991296041294,9603.55775866554
Rangpur,Mustard,Rabi,20000.0,25.815686354108298,5163.137270821659
Cumilla,Coriander,Rabi,17616.961910162034,45.206236530317696,7963.965470563824
Cumilla,Tomato,Kharif,20000.0,29.81220753164984,5962.441506329968
Bogra,Citrus,Kharif,12480.834473457671,36.86517434530854,4601.081388389542
Dhaka,Coriander,Rabi,8628.312827070578,46.12986668814119,3980.229204563445
Barisal,Fennel,Rabi,12722.602015338907,32.09164043058726,4082.89169217721
Jessore,Oilseeds,Rabi,16025.26792733148,34.85102558327732,5584.970225143029
Jessore,Oilseeds,Rabi,17851.27151455815,33.18149197466991,5923.318224979648
Bogra,Onion,Kharif,12304.755985954926,27.085934739832062,3332.8581762513304
Rangpur,Opium,Kharif,11039.300378938076,50.37206768087202,5560.723858373448
Rajshahi,Mustard,Rabi,18538.32036216386,45.84114556484735,8498.178422497273
Bogra,Fenugreek,Rabi,9860.596412727367,40.45211484149317,3988.8197849326302
Mymensingh,Maize,Rabi,14656.380464242146,53.61594317241768,7858.156620841395
Chittagong,Mustard,Rabi,10216.7170236169,27.40100723413937,2799.4833707328153
Rangpur,Coriander,Kharif,15015.73109915455,36.14786692568661,5427.866495641326
Rajshahi,Opium,Kharif,13649.80358556227,45.14003965113265,6161.526750824535
Rangpur,Chilli,Kharif,11797.138711852218,35.43220317283964,4179.986156965196
Bogra,Barley,Kharif,15360.886895135696,45.594127104966375,7003.662295418292
Bogra,Cotton,Rabi,17134.84463426667,24.214791784125676,4149.1669507211045
Bogra,Cumin,Rabi,10397.657487793134,56.37632874881603,5861.817567494144
Rangpur,Cumin,Rabi,15996.942035938777,40.77856672403225,6523.323681930056
Chittagong,Onion,Kharif,19653.45592656757,48.45592224572401,9523.26332237522
Chittagong,Cumin,Kharif,18537.89155219148,41.14556344057715,7627.519929152337
Rajshahi,Mustard,Kharif,20000.0,39.61435414770847,7922.870829541694
Sylhet,Mango,Rabi,14253.10755456278,50.95562613287363,7262.760197819377
Sylhet,Citrus,Kharif,16936.12784875544,36.61318370330249,6200.855601491002
Cumilla,Garlic,Rabi,12105.229618259687,38.86586131164267,4704.801754888701
Sylhet,Cotton,Kharif,18175.273460548764,22.99150157530109,4178.7682839973495
Cumilla,Chilli,Rabi,11450.224462002676,32.99062366229162,3777.5004607469577
Mymensingh,Tomato,Kharif,14191.779496666326,28.246192078144556,4008.637295935107
Mymensingh,Guava,Kharif,19507.07115628808,40.936304313229265,7985.47401113626
Dhaka,Bajra,Kharif,19885.846636713875,33.38529026964125,6638.94762224262
Rangpur,Tomato,Kharif,9889.852681934535,27.879920488031892,2757.2830641068376
Bogra,Maize,Rabi,16152.196346817922,32.661616845860706,5275.56848298878
Dhaka,Garlic,Kharif,8797.67369988037,27.086662914003178,2382.996219360507
Jessore,Tomato,Rabi,11086.59149848544,43.95130708714339,4872.701874996468
Chittagong,Onion,Kharif,16099.794738290544,34.17640460894064,5502.3309909671125
Rangpur,Citrus,Kharif,13458.39924798992,44.2623610863306,5957.0052715853
Barisal,Tomato,Rabi,14811.962708180485,37.8934542194436,5612.7643078254305
Bogra,Chilli,Rabi,12042.821860993368,48.94956406354006,5894.908801904956
Rangpur,Citrus,Kharif,13409.227144882678,44.52217733656813,5970.079888907897
Mymensingh,Cotton,Rabi,14678.908920136326,28.75085156121111,4220.311314433772
Rangpur,Cumin,Kharif,13339.052083958451,41.04562879173469,5475.097802717737
Rajshahi,Garlic,Kharif,20000.0,33.746683162390966,6749.336632478193
Mymensingh,Garlic,Kharif,12900.823476022244,37.16215169967408,4794.223590666554
Sylhet,Bajra,Rabi,14663.01585092751,38.42664231088086,5634.504653023677
Barisal,Citrus,Rabi,16842.500100130277,35.4507300085486,5970.789237186712
Rajshahi,Opium,Kharif,13408.496557168415,32.65664524063874,4378.765152777749
Chittagong,Onion,Rabi,14174.844908545068,21.67483143228788,3072.3737397153845
Bogra,Mango,Rabi,10454.426813404343,53.25921583782536,5567.945741158507
Rajshahi,Gram,Kharif,19934.90314050385,24.75154458648677,4934.196439094761
Chittagong,Citrus,Rabi,16729.6708891673,27.70705735202675,4635.299508066908
Rangpur,Mango,Kharif,20000.0,45.86370562496422,9172.741124992845
Sylhet,Fenugreek,Kharif,14616.2472255577,44.185341297243376,6458.2387214615355
Rajshahi,Garlic,Rabi,10180.66103922728,41.2592219973819,4200.461538975751
Barisal,Fennel,Kharif,12730.94776414709,42.83353200247779,5453.114584774676
Jessore,Citrus,Rabi,13060.28134727242,39.24943150715355,5126.08618203924
Jessore,Tomato,Rabi,20000.0,46.08377600342365,9216.75520068473
Dhaka,Barley,Kharif,14976.082076050148,51.549066613736386,7720.030525510926
Rangpur,Guava,Kharif,15232.104922942855,32.686599877812654,4978.857189130935
Barisal,Chilli,Kharif,19569.37223180897,41.2579374485338,8073.919354470488
Chittagong,Oilseeds,Rabi,11888.261537020631,26.46078524260318,3145.727354390025
Cumilla,Coriander,Rabi,12373.14523984573,32.26424662507753,3992.102095462867
Bogra,Pulses,Rabi,17778.532642594924,43.50360773082874,7734.303101131837
Rangpur,Tomato,Kharif,10804.297278542575,44.01696804737271,4755.724080839245
Rajshahi,Sugarcane,Rabi,13048.07229263452,25.53878403135787,3332.319003071376
Sylhet,Cumin,Kharif,13222.818227283393,37.43339778172514,4949.750144973449
Cumilla,Opium,Kharif,15145.56488383448,33.3945005963745,5057.7857554563925
Rangpur,Bajra,Kharif,15811.370477339517,46.10061629245931,7289.139234337482
Jessore,Maize,Kharif,14283.155859400773,35.73151752097816,5103.588338450405
Bogra,Sugarcane,Kharif,13269.686008295002,27.478400460356667,3646.297461191218
Cumilla,Cotton,Rabi,16502.75156287314,35.32127011512427,5828.981455950315
Dhaka,Coriander,Kharif,15297.996916287677,49.26390136290309,7536.390111339918
Rangpur,Maize,Kharif,9991.784156635884,32.131009825162614,3210.4611490777174
Barisal,Coriander,Kharif,13012.12872316246,44.33743688134251,5769.244359551194
Chittagong,Fennel,Rabi,12710.22253037245,38.99654441227459,4956.547573955623
Dhaka,Sugarcane,Kharif,10117.37268635051,25.95833647705759,2626.301644560786
Sylhet,Pulses,Rabi,15779.167505164443,43.42342486187785,6851.854945434928
Sylhet,Citrus,Rabi,16915.77737633212,25.03200826130381,4234.3587903072175
Mymensingh,Guava,Kharif,14801.76060405805,40.219985500390585,5953.265968754673
Rangpur,Onion,Kharif,13044.491676593523,43.870945249424246,5722.741801504047
Sylhet,Gram,Kharif,12418.759904148144,47.18522857546128,5859.820247010037
Chittagong,Maize,Kharif,18018.87842764332,46.34448887656019,8350.757108580063
Mymensingh,Guava,Rabi,17507.076336195427,39.70968497865663,6952.004862076145
Dhaka,Cotton,Rabi,16589.41253374585,41.61258541172864,6903.283459909007
Rangpur,Cumin,Kharif,7585.066499618132,41.929743278582045,3180.398910799612
Sylhet,Gram,Rabi,16731.21638154162,36.039980227754405,6029.927075770406
Bogra,Garlic,Kharif,16113.437620113926,44.98943222445194,7249.344097130496
Barisal,Fennel,Rabi,15259.7693624187,40.24861015598558,6141.845081382428
Rajshahi,Opium,Kharif,18503.346184979426,42.279988383938154,7823.212617649164
Jessore,Pulses,Rabi,16012.807986225607,46.65248758343796,7470.373257533664
Rangpur,Onion,Rabi,13537.18132778252,26.243301509010436,3552.603311671429
Mymensingh,Pulses,Kharif,16183.356427134891,34.8111902664936,5633.618997354747
Mymensingh,Citrus,Rabi,15869.32457068924,56.917817779695255,9032.473242013308
Jessore,Onion,Kharif,17613.374110295077,46.89588431897927,8259.947547433023
Rangpur,Barley,Kharif,18603.641766491834,29.18989766581208,5430.383993753241
Rajshahi,Maize,Kharif,8885.626394466439,24.7132547453803,2195.9274865872417
Sylhet,Garlic,Kharif,9387.624236922433,25.581758087057032,2401.5193224114305
Rangpur,Bajra,Rabi,15055.255137568654,56.89375572522771,8565.500081778106
Rajshahi,Mustard,Rabi,15980.782121292488,40.14336588853376,6415.2238387998295
Bogra,Wheat,Rabi,17488.216743550467,34.7927532391192,6084.632097505841
Barisal,Pulses,Rabi,15706.843674325695,28.77463975222522,4519.587683732394
Mymensingh,Bajra,Rabi,10564.241262660476,50.51054122229044,5336.055437798334
Barisal,Mango,Rabi,16015.489222483242,42.85908852337611,6864.092703315854
Bogra,Wheat,Kharif,16898.345598318854,57.0098269546829,9633.717583805854
Chittagong,Pulses,Kharif,15545.598765175486,46.07891597832242,7163.24339333234
Jessore,Fenugreek,Rabi,13621.917301379268,25.89043923408433,3526.774221430819
Sylhet,Maize,Kharif,17491.007449632736,23.220542697133784,4061.50685300082
Rangpur,Barley,Rabi,15214.698711658177,41.463089923680194,6308.4842084318425
Mymensingh,Gram,Rabi,16436.939477239175,38.137567477442474,6268.64888435847
Sylhet,Chilli,Rabi,18112.619832773697,34.44876905927021,6239.574576775785
Barisal,Coriander,Rabi,14190.375194119886,38.95466799418602,5527.813543998732
Mymensingh,Sugarcane,Kharif,13667.120219771665,42.63360023111571,5826.785397603434
Dhaka,Barley,Kharif,17270.965849936056,41.92367692939938,7240.623925514087
Cumilla,Fenugreek,Rabi,17608.817760316982,42.30738354979509,7449.830068441744
Rajshahi,Mustard,Rabi,16240.304709671102,39.256130311241726,6375.315179771215
Chittagong,Mustard,Rabi,12678.63240268928,27.90801333733104,3538.354421933699
Bogra,Garlic,Kharif,9663.839253287164,39.68734539687012,3835.321263050391
Bogra,Chilli,Kharif,16963.09696906217,36.140874706678325,6130.6116219611085
Bogra,Citrus,Rabi,15839.90587895946,39.78212729369262,6301.451519968753
Jessore,Fennel,Rabi,20000.0,36.213736862083096,7242.747372416618
Barisal,Citrus,Kharif,15328.184383814678,49.001180322541565,7510.991270084687
Cumilla,Citrus,Rabi,16443.02769521014,33.54835526657405,5516.36534777026
Sylhet,Fenugreek,Kharif,12628.576633664065,35.9773742002121,4543.430271653869
Chittagong,Fenugreek,Kharif,20000.0,30.267689065133,6053.5378130266
Jessore,Mustard,Kharif,19779.55987991819,26.0126584937834,5145.189363136513
Sylhet,Pulses,Rabi,12031.185539224258,39.162735676978336,4711.741391533236
Mymensingh,Garlic,Kharif,15167.174736866084,46.31861749331754,7025.2256509120925
Cumilla,Guava,Kharif,9922.606110855542,53.84565607943797,5342.892360568571
Dhaka,Sugarcane,Kharif,14525.976304263031,32.34867421748112,4698.960751574552
Bogra,Chilli,Rabi,11963.686874219497,24.09097205714709,2882.168461872793
Rajshahi,Maize,Rabi,17469.511751885744,34.000318889352066,5939.689704053988
Mymensingh,Guava,Rabi,11130.117300776838,38.35835795481827,4269.330235023136
Bogra,Maize,Kharif,13992.645902129616,53.827888237598586,7531.945797681248
Bogra,Coriander,Rabi,14221.225945909186,34.1784994665355,4860.601634057379
Rangpur,Wheat,Rabi,14262.770807742168,30.963632603658773,4416.27195201118
Rangpur,Mango,Kharif,6909.340071175285,25.01607878624529,1728.4459558148258
Chittagong,Cumin,Kharif,14307.196409373966,28.601265976170243,4092.039298778127
Dhaka,Mustard,Rabi,20000.0,38.28079137089924,7656.158274179848
Rajshahi,Mango,Rabi,14193.333928335507,30.461329203981464,4323.478172930674
Sylhet,Cumin,Rabi,20000.0,47.36237605016008,9472.475210032017
Chittagong,Oilseeds,Rabi,15041.78787573884,41.74825616292042,6279.6841338465565
Rangpur,Tomato,Kharif,15594.254282303566,36.60536578303068,5708.333821173145
Rajshahi,Citrus,Kharif,13279.013979359292,28.72736223997047,3814.7104477468615
Mymensingh,Gram,Kharif,14901.740189352004,33.80521461252151,5037.565252010815
Rangpur,Fenugreek,Kharif,12861.462651968508,38.57963254043937,4961.905030455298
Rangpur,Barley,Rabi,14235.068347737431,40.12775081454539,5712.2127548603
Bogra,Barley,Rabi,7047.090574820964,33.39716834095819,2353.5287024127556
Barisal,Pulses,Kharif,18738.255577492888,25.552360562753577,4788.066628331264
Jessore,Wheat,Kharif,13971.937217758954,42.05307198846011,5875.628816366624
Chittagong,Pulses,Kharif,10777.464915846536,35.334388383489376,3808.1513112595217
Barisal,Chilli,Kharif,11668.272463602514,31.4983029292968,3675.307807201242
Dhaka,Citrus,Rabi,17807.035179442384,41.134251145106624,7324.790572209318
Jessore,Mango,Kharif,17165.016192129704,34.893867780804115,5989.538054635356
Cumilla,Sugarcane,Rabi,13426.43920116068,36.84477534857627,4946.941360980831
Sylhet,Oilseeds,Kharif,11333.616573324163,49.06622682693085,5560.978015561861
Sylhet,Mustard,Kharif,14279.023805525594,44.383731202221554,6337.563544145706
Barisal,Citrus,Kharif,17132.879904610476,39.79166518985116,6817.458209021891
Cumilla,Sugarcane,Kharif,13917.10150254276,34.079813709439115,4742.922265820125
Chittagong,Mustard,Rabi,11756.810017200309,40.62200554250225,4775.85201680857
Barisal,Guava,Kharif,16779.30377390515,41.84771751308075,7021.755643965525
Chittagong,Maize,Rabi,15978.399066726352,25.07527564180321,4006.6276091289446
Barisal,Oilseeds,Rabi,17772.081057620704,43.19171346680668,7676.066327496161
Jessore,Oilseeds,Kharif,13431.83093844288,40.43807740048144,5431.574191189345
Bogra,Cumin,Kharif,12886.968928371722,36.10880836230211,4653.330914055163
Bogra,Fennel,Kharif,10330.112479428288,49.43055226556753,5106.231648235714
Sylhet,Pulses,Kharif,11158.71194251115,31.3937127401494,3503.1339727326954
Rajshahi,Fennel,Kharif,8754.211776348835,52.526729288147806,4598.301121073908
Bogra,Barley,Kharif,15633.052401607856,37.31897403021095,5834.094765885306
Rangpur,Tomato,Kharif,13365.24273957315,26.975547449829303,3605.347396998421
Sylhet,Sugarcane,Rabi,14887.095892725454,45.65307076732716,6796.416423105806
Jessore,Coriander,Kharif,15342.682945986118,37.11741182030079,5694.806813344725
Mymensingh,Barley,Kharif,13909.163363358432,47.4544688131122,6600.519590429754
Bogra,Fennel,Rabi,15923.405306676175,27.38808582219087,4361.115911207767
Rajshahi,Chilli,Rabi,10955.44373368286,52.580820810192094,5760.462238569204
Rajshahi,Gram,Kharif,15512.596314383823,48.64782474446742,7546.540668338155
Jessore,Chilli,Rabi,15055.30179919618,26.8815201358618,4047.093984665684
Rajshahi,Tomato,Rabi,13380.720959071916,31.44362842466791,4207.384178912233
Rangpur,Pomegranate,Kharif,15587.535765293043,40.021399604401,6238.349977106855
Bogra,Barley,Kharif,16224.758267143416,22.110786240344435,3587.421618460693
Jessore,Garlic,Kharif,18087.46691197693,33.62088591421066,6081.166615246366
Bogra,Pulses,Kharif,15768.089202941626,29.694505316657573,4682.2560867028105
Chittagong,Guava,Kharif,19996.42333338773,54.18234377842921,10834.530833886172
Cumilla,Pulses,Rabi,9477.377306005064,28.550270137419695,2705.8168228069553
Cumilla,Fennel,Kharif,13125.544266912962,45.447889333460104,5965.2828328409205
Mymensingh,Mustard,Kharif,16552.977061407368,34.97527169498372,5789.448700835558
Dhaka,Guava,Kharif,15560.300293431235,27.277696902844585,4244.491551214608
Barisal,Mango,Kharif,13165.446591024156,25.608262368021737,3371.44210495124
Chittagong,Pulses,Rabi,12230.300261667287,28.016046951651074,3426.446663636611
Jessore,Chilli,Rabi,12072.380241068002,45.925926203033235,5544.352440462456
Bogra,Pulses,Kharif,12151.803333504173,36.45240470100492,4429.6245295991475
Chittagong,Opium,Rabi,16479.953702642666,43.82491692884537,7222.326020095325
Dhaka,Citrus,Kharif,12424.92665945636,44.8440068444222,5571.834961581048
Barisal,Tomato,Kharif,13273.086521286676,44.3443014308907,5885.857496182289
Rajshahi,Maize,Rabi,20000.0,32.42222902697856,6484.445805395712
Rajshahi,Bajra,Kharif,18447.819978857027,39.007306142843184,7195.99761583335
Bogra,Tomato,Kharif,14895.034528509115,52.06927108078021,7755.735906225224
Cumilla,Chilli,Kharif,13119.0988266367,58.06610352743219,7617.749506541008
Barisal,Coriander,Rabi,17123.255806366426,44.19129462343479,7566.988422515791
Dhaka,Fennel,Kharif,16897.223217166564,51.409625561384445,8686.79918621665
Mymensingh,Gram,Rabi,16865.42988665159,27.081981073250976,4567.4925298253975
Chittagong,Cotton,Kharif,12818.588472525396,46.45365824157077,5954.703280420334
Chittagong,Citrus,Rabi,14776.69971269986,51.68054258192894,7636.678587225623
Barisal,Tomato,Kharif,15533.103002799762,41.81718618431615,6495.506602882379
Cumilla,Barley,Kharif,16140.59355301789,39.84293820119732,6430.886714635356
Barisal,Pomegranate,Rabi,16679.37134379312,38.087764627320944,6352.799698740741
Dhaka,Mango,Rabi,17501.766463646713,48.090689973941544,8416.720249995613
Sylhet,Pulses,Rabi,14789.50286562406,21.6461271839501,3201.354600166929
Rajshahi,Opium,Rabi,16288.854657397758,44.8842529979416,7311.130734893403
Rajshahi,Tomato,Rabi,15814.73651158612,41.56318514025909,6573.108215754691
Dhaka,Cotton,Rabi,11756.830378775212,50.705319041484096,5961.338352724094
Mymensingh,Coriander,Kharif,14881.334538430036,29.67285805866162,4415.717274822932
Rangpur,Maize,Kharif,15084.955128391384,28.129663318594464,4243.347089377546
Barisal,Citrus,Kharif,17814.851417927992,25.19903870679913,4489.171304362428
Rajshahi,Coriander,Rabi,15288.36233082295,38.91284244539669,5949.136346274512
Bogra,Maize,Rabi,13696.511317703053,31.283736438291328,4284.780501870966
Dhaka,Coriander,Kharif,15666.40131490114,29.529309921629505,4626.180197843397
Cumilla,Oilseeds,Rabi,18767.268376720564,34.679812916661334,6508.453562614436
Sylhet,Mustard,Rabi,14439.385067515925,33.23277908575182,4798.608940828603
Rajshahi,Barley,Kharif,19340.9336530612,50.49944246618961,9767.063662551544
Rangpur,Wheat,Kharif,18095.533618405905,38.07061425056716,6889.08080044501
Sylhet,Maize,Rabi,15801.150797607776,48.22748979498989,7620.498388407254
Sylhet,Pulses,Rabi,15246.851967826273,37.4095963899904,5703.785783343117
Sylhet,Fennel,Rabi,13448.134649698884,52.20870772213333,7021.097313340229
Rajshahi,Opium,Kharif,20000.0,39.31325447891239,7862.650895782479
Chittagong,Mustard,Kharif,13663.492435797683,29.692435114241977,4057.023625838587
Barisal,Barley,Rabi,19738.71643719214,44.679748609878494,8819.208882954212
Sylhet,Sugarcane,Kharif,13739.439548712427,48.32680715079792,6639.832454306715
Mymensingh,Onion,Kharif,10966.648466897168,23.534785064576877,2580.977145471964
Barisal,Sugarcane,Kharif,11987.577699743795,42.97909968777908,5152.152969722862
Dhaka,Fennel,Kharif,14895.945337839656,32.575930370001885,4852.492781208189
Sylhet,Citrus,Kharif,19651.50147844223,39.231596907849074,7709.597846362457
Cumilla,Mango,Rabi,17952.967195429752,36.60465366549273,6571.621464566584
Rajshahi,Guava,Kharif,14851.6088710427,48.06732677918763,7138.771368010914
Cumilla,Mustard,Kharif,11631.833935313103,41.59331686894934,4838.06554638476
Chittagong,Garlic,Kharif,15499.356624639167,34.65686629998057,5371.591302758377
Jessore,Mango,Kharif,15867.505931723454,40.68199504790038,6455.217977369034
Bogra,Opium,Kharif,13086.780047246051,27.61740724780837,3614.22934127287
Rajshahi,Guava,Kharif,13130.578420725707,24.611367963748716,3231.614970893389
Sylhet,Coriander,Kharif,13087.838618080446,35.6525524842233,4666.148532361577
Dhaka,Mustard,Kharif,19261.512743969564,32.137516328658414,6190.17180323984
Chittagong,Wheat,Rabi,12502.933280687314,48.39546142759893,6050.852253173458
Rajshahi,Barley,Rabi,13343.330867157089,28.36954895768329,3785.442782943796
Sylhet,Guava,Kharif,15608.7690625539,41.3494445414664,6454.139307126289
Dhaka,Coriander,Rabi,19642.515603990185,49.51502657221639,9725.996820767492
Sylhet,Guava,Kharif,13161.633928546842,42.36823529492643,5576.352031503596
Bogra,Pulses,Kharif,15857.596172174715,36.119806097065826,5727.732989045239
Rangpur,Maize,Rabi,16975.63281801849,30.803572657068703,5229.101389095525
Chittagong,Onion,Kharif,14469.158317517851,44.019623371084975,6369.268996337374
Jessore,Cotton,Kharif,10862.042315956418,39.48711421665078,4289.10705556265
Barisal,Coriander,Kharif,14900.619081378609,49.949381726086486,7442.767104507882
Rajshahi,Bajra,Rabi,13447.166102891486,29.028616283818188,3903.5262490560376
Jessore,Tomato,Rabi,14950.731311781745,53.10791924121398,7940.022311031939
Rajshahi,Mustard,Kharif,20000.0,39.482484604712795,7896.496920942559
Jessore,Garlic,Kharif,13531.681672445333,52.22042842953512,7066.302143071836
Chittagong,Opium,Rabi,17045.674468878933,53.12349022660707,9055.257210534155
Mymensingh,Maize,Rabi,16751.78455597789,47.8452076102445,8014.926099228497
Chittagong,Maize,Kharif,16771.964492076928,28.501712608250067,4780.2971182895135
Mymensingh,Cumin,Kharif,17461.446543592094,38.54608817071156,6730.704580574675
Mymensingh,Pulses,Rabi,18200.024068767463,29.75913903172156,5416.1704664312965
Cumilla,Opium,Kharif,19146.47697311258,40.61672601260992,7776.672093236587
Cumilla,Cumin,Rabi,14498.645759049436,28.545921658148337,4138.772059870698
Sylhet,Fennel,Rabi,18619.52689952507,33.28802267275284,6198.072335873218
Mymensingh,Guava,Rabi,16106.019926618705,45.102317252139585,7264.188203996386
Mymensingh,Fennel,Rabi,15086.234468804452,49.84460025134861,7519.673263956745
Chittagong,Citrus,Rabi,15573.29720405971,45.99737883013167,7163.30851129365
Mymensingh,Pulses,Kharif,10920.431577060242,31.289250744920245,3416.921218573827
Sylhet,Opium,Rabi,16936.452543423227,40.93005403493241,6932.099177623812
Mymensingh,Sugarcane,Rabi,14076.665295140998,31.950309132654148,4497.538077366591
Mymensingh,Cotton,Rabi,15748.151051132269,47.034051170604926,7406.993423813708
Bogra,Garlic,Rabi,14714.113402839144,38.61245424709968,5681.480305537627
Chittagong,Cumin,Rabi,16823.68952914962,29.826407379666364,5017.9021752544395
Bogra,Coriander,Kharif,13660.699156348415,46.95729169136794,6414.6943499267645
Bogra,Barley,Rabi,18220.895249579316,24.255841865781875,4419.63153826772
Bogra,Cotton,Rabi,15398.909022440628,41.081263083693685,6326.066327527477
Cumilla,Coriander,Rabi,18585.139886774527,31.74647161323535,5900.126158434956
Mymensingh,Sugarcane,Kharif,13323.234458185236,38.47208144308839,5125.72561160664
Cumilla,Sugarcane,Kharif,19696.57208770302,26.64795499625552,5248.7336657361275
Dhaka,Oilseeds,Kharif,13334.401419920405,42.04806079421417,5606.85721559269
Rajshahi,Bajra,Kharif,10655.958298751268,31.3346711801289,3339.0094940053673
Sylhet,Opium,Kharif,16320.043350159996,41.17833808818646,6720.322626867474
Sylhet,Pomegranate,Rabi,11936.30154860786,47.13457087137298,5626.124512849363
Mymensingh,Garlic,Rabi,15731.402141313596,31.117684452615535,4895.248078305968
Rajshahi,Gram,Kharif,11159.086803987317,39.40167695916984,4396.867334100433
Chittagong,Gram,Rabi,16950.603533875983,31.93540539911899,5413.2439561406845
Cumilla,Coriander,Kharif,20000.0,27.867369481295707,5573.473896259142
Chittagong,Mango,Kharif,10423.424487225784,27.687712989443146,2886.007855694411
Chittagong,Onion,Kharif,14863.241950933509,38.380761115212664,5704.625387163863
Rangpur,Onion,Rabi,14276.29182643101,28.21062154203383,4027.4306573907625
Cumilla,Chilli,Kharif,11245.381727428668,56.26574712505129,6327.29804600174
Barisal,Cumin,Kharif,14753.546464822291,29.145606724949634,4300.010630619815
Rangpur,Onion,Kharif,16028.176039133112,33.61188381663782,5387.371908199603
Dhaka,Gram,Kharif,16709.30184069661,29.617554552128148,4948.886587948072
Rangpur,Guava,Kharif,16928.168279602633,38.68728153319186,6549.048120742351
Cumilla,Barley,Rabi,15589.56350910441,36.47818059097758,5686.789130196248
Rangpur,Mustard,Kharif,14730.79291713832,43.022148937893576,6337.503668543925
Mymensingh,Cotton,Rabi,12970.823093822191,33.29822360582644,4319.053677297089
Jessore,Pomegranate,Kharif,14879.52614806697,38.45219504645327,5721.504416442726
Sylhet,Garlic,Kharif,15384.313244732368,40.88607445881811,6290.041768219092
Barisal,Coriander,Kharif,17521.93064696617,35.05448056253644,6142.221772821871
Dhaka,Barley,Rabi,13661.44970035566,34.745042183502974,4746.676461266615
Rajshahi,Chilli,Kharif,13643.08104225277,21.761282803435673,2968.9094487065445
Mymensingh,Pulses,Kharif,10248.29152954283,51.955821120539454,5324.58401500067
Sylhet,Oilseeds,Kharif,17357.400475952498,51.882699734412355,9005.487970637896
Rangpur,Cumin,Kharif,12099.07157061236,37.503084549720434,4537.525040857942
Mymensingh,Garlic,Kharif,14989.192382728295,37.77013552390467,5661.438276895273
Rangpur,Onion,Rabi,19510.19490530145,37.21030910262159,7259.8038307866
Jessore,Citrus,Kharif,14337.107478511009,45.03963849985361,6457.381379656835
Dhaka,Coriander,Kharif,15625.148423842658,25.178566874028093,3934.18844506337
Bogra,Cumin,Rabi,14258.467852438209,40.100083404688355,5717.657501058398
Bogra,Onion,Rabi,11995.139970315253,37.03465292779947,4442.358456210002
Bogra,Pomegranate,Rabi,20000.0,48.46002886336063,9692.005772672126
Barisal,Barley,Rabi,13286.46303065161,31.474164701729347,4181.803257301668
Rajshahi,Mango,Kharif,19198.066309758007,31.44741176502307,6037.29496335177
Barisal,Citrus,Kharif,15178.891109760523,43.79145608822383,6647.057435010091
Dhaka,Opium,Rabi,17094.66994084077,39.461029411088504,6745.7327330836815
Mymensingh,Mango,Kharif,17685.579660083196,40.55927896169947,7173.143590326726
Sylhet,Oilseeds,Kharif,18148.658145958005,45.24451357359467,8211.272098273264
Sylhet,Garlic,Kharif,18952.182196902977,42.72459183451908,8097.242487361189
Rangpur,Coriander,Kharif,20000.0,27.752369375133576,5550.473875026716
Barisal,Cotton,Kharif,20000.0,31.22771193763724,6245.542387527448
Rangpur,Sugarcane,Rabi,13045.745989156654,40.21128991569302,5245.862741364676
Rajshahi,Mango,Kharif,14038.95807541704,35.15037029227018,4934.745748685657
Rangpur,Sugarcane,Rabi,16568.5064641065,37.0801609753922,6143.628868108952
Mymensingh,Pomegranate,Kharif,14926.936223217052,55.19807683727814,8239.38172594285
Chittagong,Sugarcane,Rabi,20000.0,33.59531752994528,6719.063505989056
Jessore,Guava,Kharif,15114.0104345046,41.89622256936265,6332.199450796743
Rajshahi,Bajra,Rabi,16840.55391819125,41.0247540579764,6908.795826938868
Rangpur,Garlic,Kharif,14227.870387729963,23.687735019941755,3370.260236426234
Bogra,Cumin,Rabi,16197.669367815835,33.07173545453259,5356.8503631239155
Mymensingh,Maize,Rabi,13550.44061310188,30.453795347601044,4126.623453012263
Cumilla,Mango,Kharif,11322.703010992976,23.484596836686556,2659.0911531470697
Chittagong,Wheat,Rabi,15673.355455679915,38.85561229978992,6089.97823022696
Rajshahi,Onion,Rabi,20000.0,41.88337660481799,8376.675320963597
Rangpur,Mango,Kharif,18236.042500293886,40.98899542282586,7474.77062575004
Jessore,Fennel,Rabi,14482.11810017754,41.77018833492093,6049.208005329831
Dhaka,Oilseeds,Kharif,16956.96863524026,39.63823379607065,6721.442872362905
Chittagong,Barley,Kharif,19429.621049177687,50.86788826401514,9883.437925417273
Chittagong,Sugarcane,Rabi,13123.311895471412,26.230357990669475,3442.2916904142635
Bogra,Coriander,Rabi,16482.090558848216,49.46811511775697,8153.379531463989
Sylhet,Sugarcane,Kharif,13349.08453846374,46.38767253905613,6192.329622664332
Mymensingh,Chilli,Kharif,14923.337787025665,52.77047405534259,7875.116095093516
Chittagong,Chilli,Kharif,16630.800463783296,30.641597875415297,5095.9430015751805
Jessore,Mango,Rabi,17315.096131945036,30.950063547977415,5359.033256230368
Rangpur,Opium,Rabi,18446.29710111631,20.941564270565244,3862.9431629696855
Sylhet,Sugarcane,Rabi,13912.677175790604,26.096957180183914,3630.785405183294
Cumilla,Citrus,Kharif,11115.955572837283,30.32223003144881,3370.6056189893743
Jessore,Oilseeds,Rabi,13596.896396064329,38.21621141276158,5196.218672294103
Barisal,Wheat,Kharif,14859.238263362447,36.239413446532815,5384.90078926532
Rajshahi,Cotton,Kharif,15230.465673180766,28.37268002069287,4321.291291113044
Bogra,Wheat,Kharif,17988.80045834142,39.300791554366775,7069.740971263735
Barisal,Barley,Rabi,10330.254304020746,35.06648024248387,3622.456584517774
Chittagong,Pomegranate,Kharif,19502.279371902932,45.8500635088871,8941.807477698081
Rangpur,Guava,Rabi,13954.043596776422,29.41373988230456,4104.406086619192
Chittagong,Onion,Rabi,14035.094846347853,43.92852688126805,6165.410412389383
Bogra,Guava,Kharif,16145.80635669466,44.37828165538778,7165.23142050746
Rajshahi,Garlic,Rabi,18090.850362095527,45.098272941716864,8158.6610737754145
Bogra,Mustard,Kharif,14222.87356253789,37.45418669611111,5327.061617664771
Sylhet,Mustard,Rabi,14785.196221757808,26.44514866601114,3909.967121405314
Mymensingh,Chilli,Rabi,17182.88863091094,39.52178030964259,6790.983495559174
Chittagong,Oilseeds,Kharif,17197.920231646738,45.98793076393343,7908.967648966201
Rajshahi,Gram,Rabi,15235.90557094827,34.34608251624712,5232.936699495385
Rajshahi,Mustard,Kharif,17748.983024107445,46.78402948760304,8303.689451748085
Rajshahi,Pulses,Kharif,17994.030329578956,25.871810842234673,4655.381489763004
Dhaka,Garlic,Kharif,20000.0,41.23544024833474,8247.088049666949
Rangpur,Wheat,Kharif,18324.54845021255,28.100136733105757,5149.223170233939
Dhaka,Bajra,Rabi,16838.32171518771,23.37943370264518,3936.7042620404177
Sylhet,Opium,Rabi,13128.693117912584,45.90367577260799,6026.552722027292
Dhaka,Mustard,Kharif,14427.95279770996,26.354204468992624,3802.372180998225
Cumilla,Oilseeds,Rabi,17610.203192066263,46.33391407235758,8159.496414979554
Cumilla,Guava,Kharif,15451.256715430727,37.53507722668246,5799.641140629884
Cumilla,Pomegranate,Rabi,20000.0,41.82586660570046,8365.173321140092
Mymensingh,Pulses,Kharif,15603.297140144903,30.90407131895238,4822.054076298438
Mymensingh,Pomegranate,Rabi,18316.57779887395,48.324003465065175,8851.303690209206
Barisal,Wheat,Rabi,16916.190666087554,43.80870564174411,7410.764174702489
Rajshahi,Fenugreek,Kharif,19900.294596903288,33.908027626142086,6747.797389601627
Barisal,Maize,Kharif,15907.9063957171,31.115553928766605,4949.8331934970665
Rangpur,Bajra,Rabi,14807.584960221022,26.65381850376651,3946.786820088337
Cumilla,Coriander,Rabi,15964.07164635082,32.3253145000283,5160.4363666927475
Jessore,Gram,Rabi,19841.133807175946,37.80105325287055,7500.15755642388
Dhaka,Maize,Rabi,14267.530094128057,38.436398848403066,5483.924772794996
Barisal,Garlic,Rabi,18568.411466773923,38.47539870162506,7144.270344399532
Dhaka,Pulses,Kharif,16792.200209549574,33.01743896711341,5544.35445542352
Bogra,Mango,Kharif,14107.309489920024,35.176644139555435,4962.4780569348995
Chittagong,Fenugreek,Rabi,14549.83323890242,35.78277985490532,5206.334797132294
Rangpur,Barley,Rabi,14480.784527148391,40.713157002354656,5895.584539710605
Cumilla,Garlic,Kharif,11711.174739314394,22.40318650433559,2623.6763186972407
Sylhet,Fennel,Kharif,19783.515189674916,40.86384622840113,8084.305225681138
Sylhet,Opium,Kharif,12025.822951631078,27.625150948798357,3322.1517432233236
Rangpur,Pomegranate,Rabi,13083.114756931493,38.05727735183918,4979.077269304819
Rajshahi,Maize,Rabi,19926.045480409102,35.80217513095289,7133.9576995693915
Chittagong,Tomato,Rabi,12935.548964466829,47.85758387621377,6190.641195518415
Cumilla,Garlic,Rabi,17945.296460974783,33.58297101890189,6026.563709745187
Rangpur,Bajra,Kharif,7501.782855379281,50.598917638312315,3795.820928398395
Rajshahi,Guava,Rabi,10831.282599709211,32.074056440459934,3474.0316942564486
Barisal,Barley,Kharif,18067.71129602892,42.829071576146774,7738.233003147782
Bogra,Coriander,Rabi,19152.818455531553,49.48189062238583,9477.176679270253
Barisal,Cumin,Rabi,16784.263024995857,40.141200245202185,6737.4046305450165
Sylhet,Sugarcane,Rabi,17276.785769360296,31.147069183724245,5381.212416306476
Barisal,Gram,Kharif,15312.603311855628,47.56145524702669,7282.896971322942
Bogra,Opium,Rabi,12738.10623339997,33.93580196757514,4322.778505785959
Barisal,Garlic,Kharif,9921.129557413844,43.95133862026663,4360.469246734319
Cumilla,Tomato,Kharif,12034.226678547248,29.100654968807937,3502.03878388827
Sylhet,Chilli,Kharif,15539.682453460437,41.75180420490072,6488.097792032113
Rajshahi,Mango,Rabi,17754.94981800694,28.885890769538833,5128.675410615918
Cumilla,Barley,Rabi,12031.115590288988,47.62660964019327,5730.012457547371
Dhaka,Cotton,Kharif,12052.53781938507,31.652449379206672,3814.923432190599
Barisal,Mango,Rabi,16650.156297073656,31.15559388235164,5187.455076693066
Barisal,Onion,Kharif,15316.12651843788,27.239904065552626,4172.098170181143
Rajshahi,Fennel,Kharif,13195.89706814636,37.68859176764332,4973.347776092095
Sylhet,Oilseeds,Rabi,10221.018799404992,44.902224898232745,4589.464848199478
Rajshahi,Oilseeds,Rabi,14941.086603219956,40.20352033660415,6006.842791035173
Jessore,Fenugreek,Rabi,15671.742402193984,50.1254859610252,7855.537037659778
Cumilla,Pulses,Rabi,15375.673507943722,25.55272016189741,3928.9028244918536
Chittagong,Wheat,Rabi,15366.892509096851,39.68847731113775,6098.88564689983
Sylhet,Barley,Kharif,15146.580210977114,41.65049144382029,6308.625094804401
Dhaka,Wheat,Kharif,12894.024936579734,23.619381865205323,3045.488987565566
Mymensingh,Cotton,Kharif,10792.18418460092,29.87748752323558,3224.433483238743
Cumilla,Oilseeds,Rabi,11268.410293826146,44.62865607659507,5028.940075331307
Mymensingh,Pulses,Rabi,12844.778203292408,32.46502405844865,4170.060333953248
Mymensingh,Cotton,Kharif,14115.150965123918,35.6363544011449,5030.125222188184
Cumilla,Mustard,Kharif,12979.528127268395,50.34902647027679,6535.066052515385
Rajshahi,Cumin,Rabi,12493.958840220728,60.42919242071256,7549.9984285216115
Barisal,Sugarcane,Rabi,11437.20474291146,42.62429692688288,4875.028109754113
Dhaka,Mustard,Kharif,16901.330642796296,35.9084460748708,6069.005199804124
Mymensingh,Onion,Rabi,14444.137023366877,40.387492437751035,5833.624748010694
Chittagong,Mustard,Kharif,15131.434415937329,45.455076929852915,6878.005154354552
Sylhet,Cumin,Rabi,17891.637350384728,57.84097919770399,10348.698237964669
Dhaka,Maize,Rabi,13327.5246449765,41.020900564952115,5467.070632385297
Bogra,Onion,Kharif,14735.153854946237,32.91361348943454,4849.871586890517
Jessore,Fenugreek,Kharif,12588.976296090808,55.26577538589659,6957.395363181311
Bogra,Fenugreek,Rabi,20000.0,27.85167061603172,5570.334123206345
Sylhet,Wheat,Rabi,16706.949237555826,46.13671318379784,7708.037251493831
Cumilla,Mustard,Kharif,13862.61677703754,28.469626166263694,3946.635173284341
Barisal,Cumin,Kharif,13254.957258154069,37.671417848840434,4993.3303344044225
Mymensingh,Mango,Kharif,13052.16736480198,38.518329434152335,5027.476823871346
Chittagong,Opium,Rabi,15102.250404777678,34.6308954881301,5230.0445540342635
Sylhet,Barley,Rabi,15701.357735372245,30.337307931563537,4763.369245616248
Jessore,Mango,Kharif,15992.640696643371,53.3258938863609,8528.218607519013
Sylhet,Wheat,Kharif,9018.793072285633,46.25657322207418,4171.784621229157
Rajshahi,Onion,Rabi,18683.00697741988,29.795167846781585,5566.633287748167
Cumilla,Citrus,Rabi,20000.0,43.75193164088732,8750.386328177463
Cumilla,Mustard,Kharif,12884.964432724772,44.700689648517056,5759.667962394107
Jessore,Mustard,Kharif,16674.980737565165,29.07484163697549,4848.224242443239
Chittagong,Pomegranate,Kharif,16616.267977339106,30.885603782547296,5132.034690927242
Jessore,Wheat,Kharif,15508.082472108234,31.012286533547833,4809.410972109114
Rangpur,Gram,Rabi,14666.3218159539,24.72539011670464,3626.305284765962
Cumilla,Tomato,Kharif,12793.4101722307,30.99175532790293,3964.902378672783
Jessore,Guava,Rabi,18273.930361782808,42.35498293927256,7739.920087067657
Sylhet,Pomegranate,Rabi,11723.061705982263,31.27430523824301,3666.306101196471
Cumilla,Mustard,Rabi,18639.29309993755,39.85594422026318,7428.8662609624735
Chittagong,Fenugreek,Kharif,20000.0,30.387508380148407,6077.501676029682
Rangpur,Sugarcane,Kharif,15576.147349470097,36.17422557118888,5634.5506774980695
Jessore,Oilseeds,Kharif,15400.622714346848,31.412682545582513,4837.748723300649
Rangpur,Onion,Rabi,17124.32603006577,37.28360119982375,6384.565425207332
Barisal,Fennel,Kharif,12642.03161847615,34.54084095432485,4366.664034733307
Barisal,Tomato,Rabi,9491.383880690111,29.829285219131457,2831.211969013721
Dhaka,Pomegranate,Kharif,11689.90018147838,36.12835432772418,4223.3685581217815
Cumilla,Mango,Kharif,16165.735813592892,41.687147497927,6739.034132737678
Bogra,Pulses,Kharif,14981.78726538032,35.78504275668158,5361.238978631423
Barisal,Onion,Kharif,15245.488075642696,29.149791429614233,4444.027976476555
Cumilla,Mango,Kharif,17757.229448963306,42.112884471897125,7478.0815232516115
Rajshahi,Cumin,Rabi,15802.176942215709,34.21349267069981,5406.476649935986
Rangpur,Pomegranate,Kharif,12995.728639070854,30.609755324440385,3977.960739047814
Bogra,Bajra,Rabi,14475.120729913777,38.86545037288712,5625.820863700134
Mymensingh,Wheat,Kharif,16609.52953071121,44.21012100812951,7343.093104408432
Barisal,Tomato,Kharif,15084.543472107383,45.74029658608848,6899.714922799367
Jessore,Citrus,Kharif,18257.686697494733,29.831393858602727,5446.522428199371
Rangpur,Maize,Kharif,14924.919123764568,44.85757090680104,6694.956178725399
Cumilla,Pomegranate,Rabi,19170.62264705194,38.24742889952209,7332.27026652687
Bogra,Onion,Kharif,15031.05785953014,33.327088153468196,5009.41390324442
Cumilla,Garlic,Rabi,11804.65901077388,43.401592270011285,5123.409972721228
Sylhet,Opium,Rabi,13171.46339352215,27.215685013781822,3584.703988886567
Barisal,Fenugreek,Kharif,15169.949774691322,30.70296495454734,4657.6243629459095
Bogra,Barley,Kharif,14788.503665822724,51.56242046315715,7625.310440380923
Sylhet,Citrus,Rabi,15193.423244430362,20.27293597251623,3080.1529663767656
Rangpur,Maize,Rabi,12181.993818543737,35.62366704361997,4339.672917192387
Cumilla,Tomato,Rabi,11370.915771476675,35.64139613181018,4052.7531339264824
Dhaka,Onion,Rabi,19592.25249703109,36.33286394252859,7118.426443022967
Jessore,Gram,Rabi,14359.671387209375,38.73318821573512,5561.958545568869
Sylhet,Tomato,Rabi,15446.002371606335,36.74600457104843,5675.788737514713
Sylhet,Onion,Rabi,13159.79200937718,34.86664445565731,4588.3778910135425
Rajshahi,Mango,Rabi,13835.469544376314,33.060567312414484,4574.084721707137
Jessore,Wheat,Kharif,15481.721943149594,41.21179730589346,6380.295866672841
Chittagong,Maize,Rabi,16310.81450923905,43.41719775908238,7081.69859159342
Sylhet,Garlic,Kharif,17848.662406323972,41.69127262260421,7441.334503308796
Barisal,Pomegranate,Rabi,7338.236595294135,32.430835448907715,2379.851435071369
Cumilla,Pomegranate,Rabi,10899.363904753736,42.45844725084165,4627.700674177139
Barisal,Tomato,Kharif,11489.660921821922,28.464257240862263,3270.4466408902185
Barisal,Bajra,Kharif,16624.388184614363,47.13385473984432,7835.714978323976
Jessore,Cumin,Rabi,13270.468797819842,33.331092143397974,4423.192182862209
Mymensingh,Oilseeds,Kharif,13361.26665524255,34.44843828863986,4602.747698311846
Rajshahi,Gram,Kharif,10563.265293677614,42.53338490524584,4492.9142859221465
Rajshahi,Chilli,Kharif,14954.070452481012,42.23704979836119,6316.158183896423
Bogra,Pomegranate,Rabi,15358.74110524246,30.419056937572023,4671.984201697983
Rajshahi,Coriander,Rabi,18589.714504993473,44.62462847894667,8295.591033150198
Rangpur,Coriander,Rabi,14918.086381470204,37.90143513465026,5654.168833204024
Sylhet,Gram,Rabi,13670.153246425469,29.74699064068784,4066.4592067818694
Chittagong,Guava,Rabi,14481.16182022973,44.23585108995683,6405.865178892505
Cumilla,Coriander,Rabi,10884.29657120593,33.0175355139796,3593.7264858447825
Cumilla,Oilseeds,Kharif,19413.510982480824,40.03166800720681,7771.552265049357
Chittagong,Garlic,Rabi,12992.78178402025,41.11376496875389,5341.821765585153
Chittagong,Oilseeds,Kharif,13183.153380789408,54.45833758647163,7179.326172652643
Bogra,Barley,Kharif,17033.777614017807,46.41523387584808,7906.267717438221
Rajshahi,Pulses,Rabi,20000.0,42.631640057027575,8526.328011405514
Mymensingh,Chilli,Kharif,17226.28611602792,36.28271734735297,6250.164700924719
Rajshahi,Citrus,Kharif,18905.223868196394,43.0290401896312,8134.736376185976
Jessore,Cumin,Rabi,15096.0124471973,41.514400351961505,6267.019044511429
Barisal,Sugarcane,Rabi,16379.916428817349,29.711354414620097,4866.695022984506
Mymensingh,Sugarcane,Rabi,20000.0,45.12633981682023,9025.267963364044
Bogra,Onion,Rabi,13904.035346063674,40.04397462993395,5567.728386514787
Rangpur,Garlic,Kharif,10958.62113141091,34.805406990083014,3814.1926852888073
Dhaka,Tomato,Rabi,18601.241723833275,46.47671246672123,8645.245631225771
Jessore,Fennel,Rabi,11859.26705195418,34.1837710575779,4053.944698146785
Dhaka,Tomato,Kharif,18557.11246398899,36.138334125990575,6706.231306372184
Jessore,Tomato,Rabi,17988.14305741745,41.031317967673694,7380.772174368973
Barisal,Bajra,Kharif,10734.56799977447,53.51135499585205,5744.212789630452
Bogra,Fennel,Kharif,14031.960483473593,28.41837372651552,3987.6549713505
Chittagong,Bajra,Rabi,18984.582425547174,47.646612790756166,9045.510478242408
Bogra,Guava,Kharif,16367.663316244823,48.56444373314866,7948.86464164893
Chittagong,Mango,Kharif,13069.445308859573,35.22406889101337,4603.59041926601
Rangpur,Chilli,Rabi,15171.039374691254,29.152248691273563,4422.699127561028
Cumilla,Barley,Kharif,19585.405279237595,49.0465735736361,9605.970209976076
Chittagong,Opium,Rabi,16614.888237148898,34.59265107657283,5747.530314639461
Sylhet,Maize,Kharif,13905.141811371344,34.11154774316384,4743.259087740574
Bogra,Fennel,Kharif,11865.5724179369,32.69316935345067,3879.2316853524417
Cumilla,Tomato,Rabi,20000.0,36.335114546249315,7267.022909249864
Jessore,Pomegranate,Kharif,14336.239129242684,41.194799142680544,5905.784913905897
Sylhet,Tomato,Kharif,15922.220093427302,35.88903014810267,5714.330369577386
Dhaka,Mustard,Kharif,17581.420465079238,38.487917044004305,6766.722523757293
Sylhet,Mustard,Kharif,14498.634858640766,31.306084182229565,4538.954834120158
Cumilla,Bajra,Kharif,14253.926621449358,36.810863645568254,5246.9934927610775
Rangpur,Mango,Rabi,16472.924854914752,42.03086039070394,6923.712048034789
Rajshahi,Mango,Rabi,16988.643806002237,29.217039840671156,4963.578829189387
Rajshahi,Wheat,Rabi,15543.06467611112,41.98044639822061,6525.04793499559
Chittagong,Tomato,Kharif,16199.063855257926,23.38740537169768,3788.54073024933
Cumilla,Bajra,Rabi,13414.14995475073,49.812753418086416,6681.957440092332
Rangpur,Oilseeds,Kharif,18714.849214300903,27.391642276589863,5126.304549384493
Sylhet,Cotton,Rabi,15926.499037796892,40.13402659865174,6391.945360063417
Chittagong,Barley,Kharif,15722.259538465703,51.21337483020996,8051.89970921288
Barisal,Citrus,Rabi,16696.528936894632,35.09293084094286,5859.301352662446
Dhaka,Bajra,Kharif,17260.024863313596,27.97563149460821,4828.600951638366
Bogra,Maize,Kharif,18869.258262248237,26.93075656823699,5081.634008838018
Sylhet,Gram,Kharif,14584.63204804868,37.16577711081949,5420.49183941092
Rajshahi,Mustard,Rabi,14372.930228141924,31.63592498842186,4547.00942561319
Jessore,Gram,Kharif,13258.429650585833,36.20133543362754,4799.728591040109
Rangpur,Pulses,Kharif,20000.0,46.08634799667309,9217.26959933462
Chittagong,Fennel,Rabi,11412.350813894447,27.897836816719245,3183.7990070118035
Bogra,Wheat,Rabi,18589.894459936953,33.8071155012168,6284.707091625189
Barisal,Fennel,Rabi,14597.948499981248,48.06785256327478,7016.920362233769
Bogra,Fenugreek,Kharif,12645.30506075328,49.51350639600975,6261.133930051021
Jessore,Gram,Rabi,14637.155554176656,45.64916067597504,6681.738657318506
Bogra,Pomegranate,Kharif,12337.5234665937,46.93411915375471,5790.507964433536
Sylhet,Pulses,Rabi,17167.144073483316,30.733951731976173,5276.141773303171
Jessore,Maize,Kharif,20000.0,42.69688969719516,8539.377939439031
Dhaka,Fenugreek,Kharif,15674.054177255655,32.94661201648515,5164.069817034105
Bogra,Chilli,Rabi,10744.902801200904,36.00204481202037,3868.3847214963816
Rangpur,Fennel,Rabi,10423.031056289716,50.22553884764335,5235.023512278722
Barisal,Onion,Kharif,13344.42556232266,34.935141672107555,4661.893975526356
Rajshahi,Fennel,Rabi,13307.257204027834,38.91228068692014,5178.157274961712
Dhaka,Guava,Kharif,19626.329857703626,33.97672903470693,6668.384915209743
Bogra,Citrus,Kharif,20000.0,43.33031712433127,8666.063424866254
Chittagong,Onion,Rabi,18072.187577434383,26.92327471806255,4865.624709036234
Jessore,Wheat,Kharif,17335.083228499912,28.718323106835907,4978.345212399527
Dhaka,Pomegranate,Kharif,12545.403349733078,40.70052854537795,5106.045471490913
Mymensingh,Citrus,Kharif,14489.446132425215,40.61699517541855,5885.17763655202
Jessore,Fennel,Rabi,17089.162342370146,34.98762234768401,5979.091582731097
Rangpur,Mustard,Rabi,15265.220658875542,56.65060314589877,8647.839574805337
Chittagong,Garlic,Kharif,11574.932657599486,34.09496679703844,3946.469446388104
Jessore,Sugarcane,Kharif,12849.533038191585,35.17638279206786,4520.000928507499
Barisal,Barley,Rabi,14751.957942471903,26.82471070534174,3957.170041441772
Cumilla,Gram,Kharif,19540.349229726395,42.85005900274506,8373.051174280201
Dhaka,Sugarcane,Rabi,11927.439527012386,33.174952566553955,3956.9224054907663
Chittagong,Opium,Rabi,18663.101086576055,30.789476527608535,5746.271128375189
Sylhet,Chilli,Kharif,14320.547703450504,26.374998739672236,3777.044276299232
Chittagong,Cotton,Rabi,13883.37967178684,49.107362971422525,6817.761648125053
Dhaka,Mango,Kharif,20000.0,36.70695442892013,7341.390885784025
Jessore,Cotton,Rabi,13533.451734641178,33.21590697099659,4495.258738143138
Mymensingh,Guava,Rabi,15422.658740733612,30.86032672608367,4759.482877239294
Bogra,Oilseeds,Kharif,15969.503142554344,28.505694661628677,4552.217804795738
Jessore,Cumin,Rabi,13601.890494395271,25.812759825214805,3511.0233250069746
Mymensingh,Wheat,Rabi,16540.80031970915,43.991912238476274,7276.614360188052
Dhaka,Maize,Rabi,11490.249492869136,26.225880195718176,3013.419066188975
Cumilla,Pulses,Rabi,14917.45528484809,56.83525575434636,8478.37386318367
Dhaka,Garlic,Kharif,19983.77764364361,29.213579430242948,5837.976755088959
Barisal,Citrus,Kharif,13193.36381891466,33.27128145910918,4389.601210115372
Jessore,Cumin,Kharif,12004.843682435128,28.829588574935872,3460.9470427102283
Dhaka,Oilseeds,Rabi,17298.240835154073,50.642956144447815,8760.34051990804
Dhaka,Pomegranate,Rabi,14699.537770560142,45.96904634329827,6757.237329999425
Rangpur,Sugarcane,Kharif,12366.052239730318,24.91386094729908,3080.8610596767744
Rajshahi,Wheat,Kharif,14320.56332429542,31.119491753343414,4456.486522736434
Bogra,Sugarcane,Rabi,17740.753878699747,33.65867950647899,5971.303490064788
Bogra,Onion,Rabi,19478.06570687857,42.137304172154224,8207.531793759483
Mymensingh,Maize,Rabi,14935.898116954691,23.279503799724587,3477.00296965946
Cumilla,Wheat,Rabi,7727.279219181175,41.94561984196101,3241.2551654045888
Dhaka,Mango,Rabi,17210.5316912773,42.73614072579794,7355.11704324232
Cumilla,Sugarcane,Rabi,15200.972151674616,31.6843769274936,4816.333313179919
Barisal,Citrus,Kharif,10312.362429340372,46.43570100410813,4788.617784148477
Chittagong,Opium,Kharif,17382.794038865482,23.898236579615233,4154.181243555327
Barisal,Chilli,Kharif,15880.673796499888,36.752827817099046,5836.59669662277
Sylhet,Tomato,Rabi,16399.28994730058,39.37841316357662,6457.780151340908
Mymensingh,Pulses,Kharif,10154.604552283472,30.000505519420113,3046.432699183089
Bogra,Barley,Kharif,12796.225269605851,38.193600093382486,4887.339106521615
Chittagong,Maize,Kharif,15601.707591692828,35.14582669743736,5483.3491120172885
Sylhet,Pomegranate,Kharif,11952.534543064809,33.15468698719074,3962.8254147889866
Rangpur,Maize,Rabi,16286.44950099172,51.95658877802741,8461.883593771365
Chittagong,Cumin,Rabi,15529.324665831677,27.825094188284016,4321.049215072086
Chittagong,Tomato,Kharif,12517.22933805384,33.133822019963766,4147.436490701449
Jessore,Garlic,Kharif,11783.58296404318,34.76740156691572,4096.845608079562
Barisal,Tomato,Kharif,16309.679412473004,39.89058980605122,6506.02731311159
Jessore,Mustard,Rabi,7911.202693374485,40.62695737602707,3214.0809461683575
Rangpur,Opium,Rabi,16857.462783015595,36.62526916171131,6174.091118114773
Sylhet,Pulses,Rabi,15062.381123026224,39.6646159099839,5974.435619346271
Sylhet,Pomegranate,Rabi,14451.31067668548,47.694384113750786,6892.46362360985
Rangpur,Oilseeds,Rabi,13062.107462626394,44.90216515963705,5865.16906619778
Rajshahi,Garlic,Rabi,13551.769433453905,24.759049612950022,3355.2893174614483
Jessore,Pulses,Rabi,15368.010947984389,29.409184614166527,4519.606711218052
Barisal,Pulses,Rabi,15969.237819348087,44.44130944706542,7096.938395634285
Sylhet,Fenugreek,Rabi,14124.566193253368,33.37440997847053,4713.990629016827
Rangpur,Mustard,Rabi,17649.329331441477,49.54040203478163,8743.548707238744
Barisal,Fennel,Kharif,14458.560259228125,59.67567978385601,8628.244121652837
Jessore,Mango,Rabi,15896.25872509706,24.107683575612327,3832.2197538070654
Rajshahi,Barley,Rabi,13720.92721138337,53.627695198645334,7358.21702334866
Cumilla,Pomegranate,Kharif,15339.811231613294,22.03535304728232,3380.1815616726553
Cumilla,Oilseeds,Kharif,17757.68680372561,28.33888919471859,5032.331186852965
Chittagong,Cotton,Kharif,20000.0,40.05469038784439,8010.938077568878
Chittagong,Barley,Rabi,13658.034313023749,46.45743647020235,6345.172614051446
Rajshahi,Citrus,Kharif,15203.56653158221,28.7864142729251,4376.561646041045
Rangpur,Pomegranate,Rabi,16454.198451883425,32.47792344012253,5343.981975888526
Mymensingh,Maize,Rabi,13069.350503047614,54.85760983051002,7169.533306343659
Sylhet,Onion,Kharif,13995.674003680377,32.24455972725192,4512.843463348188
Bogra,Chilli,Kharif,12134.63226195194,36.17982439072004,4390.288642833872
Chittagong,Wheat,Kharif,20000.0,35.66547313282517,7133.094626565035
Dhaka,Cotton,Rabi,15072.658370018276,51.60189256935651,7777.776979442951
Rajshahi,Chilli,Kharif,14761.075826262855,46.16922812483588,6815.074771907301
Barisal,Oilseeds,Rabi,11812.81941555936,32.53259143136307,3843.0162769886583
Barisal,Cotton,Rabi,14438.567204986351,48.44843490928559,6995.2598341412695
Barisal,Cumin,Kharif,18562.158154694254,42.64099792339963,7915.089473281333
Chittagong,Oilseeds,Rabi,16738.899519640727,41.11008020497667,6881.375017954757
Sylhet,Cumin,Rabi,15583.152904732007,41.08231672390158,6401.9202318918715
Sylhet,Cumin,Rabi,16015.451530385071,37.92336084519525,6073.597474855275
Barisal,Onion,Kharif,15505.382928808844,33.2611959416086,5157.275797447839
Dhaka,Mustard,Rabi,11980.372304161076,34.328186301645914,4112.644524203203
Barisal,Wheat,Kharif,18951.345202019595,24.72171434358997,4685.097425110927
Bogra,Bajra,Rabi,8634.435302974216,31.48161904041666,2718.2600283735887
Chittagong,Mango,Rabi,18890.983639683327,25.489399486650985,4815.198286876764
Bogra,Opium,Rabi,12002.093303115267,42.1200231963178,5055.284483315856
Mymensingh,Guava,Rabi,17521.86007951366,36.217239973193074,6345.93411276458
Cumilla,Cumin,Rabi,14283.203702490917,32.18831870658102,4597.523129267956
Sylhet,Pulses,Rabi,13824.725552868536,39.31395275714528,5435.0460726597275
Cumilla,Fennel,Kharif,19846.127068408325,39.90059524852855,7918.722834074271
Chittagong,Opium,Kharif,18651.475562476488,35.233256371860186,6571.522202062192
Bogra,Oilseeds,Kharif,17994.93269444388,31.26045210520697,5625.297316310858
Rangpur,Pulses,Rabi,16211.19027100983,43.11619861508433,6989.6489951178255
Bogra,Pomegranate,Rabi,12288.894417809615,30.510591873630595,3749.4144215992646
Sylhet,Coriander,Rabi,11462.880626520591,45.85960601057218,5256.831892784552
Jessore,Onion,Rabi,13606.14810810482,33.9486541104422,4619.104158974981
Jessore,Maize,Kharif,15849.863614638429,48.276371492424346,7651.739039645444
Chittagong,Fennel,Rabi,16760.081404425822,43.378760504389014,7270.315572766516
Sylhet,Tomato,Rabi,17613.891892371732,27.372935423589333,4821.439253279751
Barisal,Opium,Rabi,15379.138738639236,40.308246766144485,6199.061193278424
Jessore,Wheat,Rabi,11999.006026183277,32.30014770483092,3875.6966695687615
Cumilla,Oilseeds,Kharif,16541.723548976744,37.99737564927109,6285.420835768632
Cumilla,Guava,Kharif,16051.890297820675,28.882725681306937,4636.22344138387
Rajshahi,Cumin,Rabi,16904.16440568531,32.29191216205388,5458.677921613079
Jessore,Barley,Kharif,16229.455970785535,24.886695894751224,4038.9753528219417
Rangpur,Gram,Rabi,17017.721103608194,39.91839793239455,6793.201629163404
Cumilla,Oilseeds,Rabi,14602.09876085228,34.90705167855905,5097.162160604936
Jessore,Mango,Kharif,18321.24200786092,42.0996405314922,7713.17702621419
Cumilla,Fennel,Rabi,8481.991361957891,43.58813013648688,3697.141433015782
Cumilla,Oilseeds,Rabi,13394.015442138232,27.28219406360711,3654.1812858336566
Barisal,Bajra,Kharif,15995.940991707044,43.238206166677394,6916.357944294353
Mymensingh,Cotton,Kharif,17128.35545141712,31.022515443954635,5313.646715211321
Jessore,Barley,Kharif,16539.317394528247,38.27437611755307,6330.320546857619
Rajshahi,Pulses,Rabi,17216.43144266251,36.11424770425139,6217.58469703576
Cumilla,Mustard,Kharif,12193.683893866217,50.54923232015932,6163.813599896282
Bogra,Onion,Rabi,13392.109664657855,29.64074447984288,3969.521006161578
Barisal,Oilseeds,Kharif,16101.861940204022,58.511930362151695,9421.510245461985
Rajshahi,Gram,Kharif,14329.602052884444,43.06319591174747,6170.784605407415
Rajshahi,Onion,Kharif,14941.741182336802,26.45139533482127,3952.299030045706
Mymensingh,Pomegranate,Rabi,17399.82570582615,28.73552557430769,4999.931365582637
Cumilla,Guava,Rabi,11838.952742560938,32.28487412460827,3822.1909906076576
Rangpur,Tomato,Kharif,17850.922775920728,36.987996041407136,6602.698609712204
Rangpur,Cumin,Rabi,14686.652344387585,28.292427200405825,4155.210422712553
Jessore,Mustard,Kharif,15210.156489339544,50.45671716533628,7674.545640231096
Cumilla,Cumin,Rabi,12217.940597428278,39.76587391881193,4858.570853448666
Cumilla,Chilli,Kharif,17925.59288934729,51.60310405897474,9250.162351878058
Rajshahi,Cumin,Rabi,15568.74484979623,40.60107349723886,6321.077539063357
Jessore,Pomegranate,Rabi,6890.303121002288,40.098130543285215,2762.882740287553
Mymensingh,Cumin,Rabi,13037.77295061773,22.87998473468753,2983.040460844556
Rajshahi,Oilseeds,Rabi,16533.607798574943,56.07682480244123,9271.522278729632
Barisal,Pulses,Rabi,14587.654456116925,38.97511676460344,5685.555357488449
Cumilla,Bajra,Rabi,19836.834773965937,51.881941153607414,10291.73494416734
Rangpur,Mango,Rabi,19919.89358811418,29.192468390472644,5815.10863912602
Mymensingh,Pomegranate,Kharif,15226.30091670478,38.97998335881397,5935.209563494461
Mymensingh,Tomato,Rabi,14261.812535610154,40.89750911181558,5832.726081261219
Bogra,Cumin,Kharif,20000.0,27.32378036444448,5464.756072888896
Chittagong,Pulses,Rabi,15369.614420353457,50.77712850372215,7804.248864749485
Bogra,Gram,Kharif,15130.807339117362,54.60054643313953,8261.503486903659
Sylhet,Citrus,Kharif,13132.051914796644,35.24896324877403,4628.912153256595
Rajshahi,Cumin,Kharif,12772.588242905857,22.512946663253672,2875.4859786424045
Rangpur,Pomegranate,Rabi,13164.692727284144,40.30627573329731,5306.197350100485
Cumilla,Barley,Kharif,13712.09332644822,43.96840327599923,6028.988491354132
Sylhet,Opium,Rabi,10781.0476089845,26.01426956966515,2804.610787435167
Rajshahi,Cotton,Kharif,10485.838877906994,27.44440744315076,2877.776345485103
Rangpur,Sugarcane,Kharif,15247.319258803507,39.35605476687678,6000.74331797526
Jessore,Maize,Rabi,14072.37276885041,30.066599440573047,4231.083952194531
Rajshahi,Mango,Kharif,15957.52353125754,49.01341019324319,7821.326465058564
Bogra,Fennel,Rabi,9374.482591062766,30.040001234321924,2816.094686066549
Barisal,Citrus,Kharif,14519.60161330008,46.94037828898461,6815.555923336568
Sylhet,Barley,Rabi,15639.589884713068,24.63714599273657,3853.148592562019
Mymensingh,Pomegranate,Rabi,14042.838193000143,40.969567949573694,5753.290135529881
Mymensingh,Cumin,Rabi,18228.021415795796,29.405969595730877,5360.126435432225
Barisal,Barley,Rabi,20000.0,25.670108786979196,5134.021757395839
Dhaka,Guava,Rabi,12874.779699268613,27.028342273595165,3479.8395240896666
Rajshahi,Chilli,Kharif,9590.580971232164,34.40846657664412,3299.971847992411
Jessore,Fenugreek,Rabi,15801.37995303445,32.62796482979089,5155.6686936977085
Rajshahi,Coriander,Kharif,10256.4278939036,32.074548664866406,3289.702956107042
Rajshahi,Cumin,Kharif,13550.81684494968,34.09954099667942,4620.7663454285575
Rangpur,Opium,Rabi,19836.661884766272,35.007986261872794,6944.415867433134
Cumilla,Barley,Rabi,14194.408056282504,42.21525528073344,5992.205596548652
Barisal,Maize,Rabi,8544.553796012086,38.926080890015385,3326.059922326545
Rangpur,Fennel,Kharif,14366.609283516917,34.09733021198284,4898.630207666145
Dhaka,Onion,Rabi,14606.229098723086,41.50079786905326,6061.701614551907
Bogra,Wheat,Rabi,14325.432054575764,29.274618486308647,4193.715580492421
Rangpur,Opium,Kharif,15505.964015900185,37.16826527235262,5763.297838465322
Cumilla,Guava,Kharif,11728.802767671465,35.71618152774863,4189.080487533145
Rajshahi,Sugarcane,Kharif,14704.235603147215,39.6868463596746,5835.647392185606
Dhaka,Chilli,Kharif,17124.643269769673,39.94682040141496,6840.750491357886
Bogra,Coriander,Kharif,17859.409901739735,33.3939576972328,5963.963787562373
Jessore,Onion,Rabi,13162.687876078686,34.61476947608473,4556.234065161191
Rangpur,Fennel,Kharif,11568.821378038014,47.04249745736778,5442.262502610953
Rangpur,Fennel,Kharif,14900.310028066617,29.09070761746067,4334.6056243600315
Mymensingh,Maize,Rabi,14614.387465683209,36.64187959474855,5354.986258685665
Bogra,Pomegranate,Kharif,13353.825276777116,42.40901776340223,5663.226133722104
Dhaka,Fennel,Kharif,15479.5691759922,44.80485414344646,6935.598391337203
Rangpur,Citrus,Kharif,18797.1235225941,31.700650977681708,5958.810521741265
Dhaka,Cumin,Rabi,17908.37160158021,35.01365971752969,6270.376293528017
Barisal,Fenugreek,Kharif,13061.318070468593,56.12485581830605,7330.645935020851
Sylhet,Chilli,Kharif,11419.08950473056,50.37604310713397,5752.485451345277
Mymensingh,Oilseeds,Kharif,18001.746954128936,25.59988960497462,4608.427347223889
Chittagong,Cotton,Rabi,19177.395900192987,47.45603099132701,9100.83094172506
Sylhet,Fennel,Rabi,15866.080887839573,31.35178599172657,4974.299725229693
Barisal,Sugarcane,Kharif,14597.073775588357,48.32675721849371,7054.292404532998
Sylhet,Guava,Kharif,17380.466161656637,32.708214739175695,5684.840194824421
Rajshahi,Gram,Kharif,18913.02072863446,21.96260012346487,4153.791113898009
Bogra,Cumin,Rabi,18097.638613024978,40.952385756916094,7411.414777698587
Barisal,Chilli,Rabi,11727.100709354405,44.769456966572896,5250.159305501085
Cumilla,Chilli,Kharif,11682.885994542194,34.56841518299415,4038.5885359492218
Chittagong,Pulses,Rabi,14075.897147442776,36.18381391608939,5093.196430850829
Bogra,Tomato,Rabi,18930.926238358825,37.502724142797746,7099.613044848228
Chittagong,Mustard,Kharif,13313.495920265092,32.61869809818563,4342.6890405455315
Chittagong,Mango,Rabi,9949.685423337149,23.093666195094418,2297.747139127448
Rangpur,Bajra,Rabi,17894.554899292372,45.7734957468812,8190.963325750915
Chittagong,Onion,Rabi,11296.953384360231,26.56231727937325,3000.7326008566592
Cumilla,Fennel,Kharif,14920.78272912322,36.06777786931919,5381.594771103903
Rajshahi,Pomegranate,Rabi,12571.189440235064,27.04328016792173,3399.6619807629595
Barisal,Guava,Rabi,13578.481958787252,47.231800332726536,6413.361486989689
Mymensingh,Bajra,Rabi,16638.8527440111,41.94562486435485,6979.270753735309
Barisal,Maize,Kharif,13690.842328420296,32.44276107366014,4441.687265580925
Jessore,Pomegranate,Kharif,14734.911122383994,28.095978828246785,4139.917509305987
Dhaka,Sugarcane,Kharif,14223.611811998691,42.216938996942154,6004.773521833346
Mymensingh,Coriander,Kharif,16682.758343823716,34.782581105594055,5802.693951590743
Chittagong,Mango,Kharif,17090.863213532208,32.84691106582253,5613.820640130302
Barisal,Oilseeds,Kharif,18519.37391275993,26.419897079270488,4892.799527476441
Barisal,Pulses,Rabi,14678.093567987313,45.2928541155821,6648.127506697134
Bogra,Chilli,Rabi,10287.371543794505,24.915193585390895,2563.118534984816
Dhaka,Pomegranate,Kharif,11418.224980802834,44.91421135478199,5128.4057008423
Bogra,Barley,Rabi,20000.0,50.82013218638949,10164.026437277898
Dhaka,Barley,Rabi,16914.15330432227,37.19334966462981,6290.940181288119
Cumilla,Gram,Kharif,9596.826797541784,34.85961780010783,3345.4171425613936
Chittagong,Bajra,Rabi,12636.648744275284,30.508423803967904,3855.242353522292
Jessore,Fenugreek,Kharif,14495.56854424563,38.65467557017766,5603.214992830874
Chittagong,Citrus,Rabi,9062.100568872636,40.61594407360978,3680.657698947584
Bogra,Gram,Kharif,11781.77092278058,28.516623841631603,3359.763295932067
Jessore,Onion,Rabi,20000.0,36.52681655552511,7305.363311105021
Rangpur,Chilli,Rabi,7409.137431761011,32.97711746817838,2443.319954250603
Cumilla,Sugarcane,Rabi,18302.878904995712,31.073936494306125,5687.424967568119
Rajshahi,Bajra,Kharif,11311.35121664275,34.91736486141905,3949.625775071712
Dhaka,Wheat,Rabi,13604.06862965984,47.16692410038034,6416.620725115308
Bogra,Fenugreek,Kharif,20000.0,24.410787127877025,4882.157425575406
Jessore,Chilli,Rabi,15761.21898448372,45.10433775927885,7108.993445741116
Jessore,Cotton,Rabi,18257.35897481804,36.77562356813184,6714.257610061618
Rangpur,Cotton,Kharif,15924.151618512307,25.22384888440335,4016.6839403768145
Chittagong,Barley,Kharif,15807.380823735322,32.838328687043195,5190.879671710842
Sylhet,Citrus,Rabi,16864.71566956815,26.36315487679913,4446.071111500063
Dhaka,Wheat,Rabi,16131.30118170656,41.46218956661751,6688.390675521185
Chittagong,Mango,Kharif,18378.150752316506,47.119773362701714,8659.742982747197
Bogra,Cotton,Rabi,9680.902595379355,38.64590735079463,3741.2726477309784
Sylhet,Oilseeds,Rabi,12282.803097412145,32.72998489008651,4020.1595978620726
Rajshahi,Cotton,Kharif,13213.016117869523,48.054226466545266,6349.412688342149
Rajshahi,Citrus,Rabi,8592.977358063914,36.55764285357766,3141.3899730497988
Dhaka,Oilseeds,Rabi,18168.17042719815,36.1909741403661,6575.2378610849255
Bogra,Onion,Kharif,14835.31799815114,30.37479842975772,4506.1979383519765
Cumilla,Guava,Rabi,16563.367285138014,49.5688016624422,8210.262678191899
Chittagong,Onion,Kharif,16666.813398010345,28.072681228336187,4678.82139614507
Cumilla,Tomato,Rabi,14407.98473907802,26.181265324025084,3772.19271238306
Sylhet,Wheat,Rabi,14415.275158941957,55.05358603346322,7936.125911588561
Sylhet,Chilli,Rabi,16780.670166842585,25.28837342455894,4243.55853493471
Barisal,Onion,Kharif,16967.702329589283,42.40272779776313,7194.768632350457
Cumilla,Pulses,Rabi,14943.873730662308,24.30851493726764,3632.633778024462
Chittagong,Chilli,Kharif,18372.33815995804,50.683521087244344,9311.747885522173
Chittagong,Mustard,Kharif,12681.366996529174,34.359762926007555,4357.287635784389
Sylhet,Cotton,Rabi,12085.029796376142,32.47576560533053,3924.7059500054697
Mymensingh,Fennel,Kharif,13119.848326230103,38.10736713430881,4999.628769140976
Barisal,Mustard,Kharif,17859.37513612826,37.957202552431575,6778.919195018805
Bogra,Tomato,Rabi,17175.287360543993,48.81055821848118,8383.353636309765
Rajshahi,Mango,Rabi,13075.555214331143,51.65550933795918,6754.244644728833
Dhaka,Gram,Kharif,17401.228575683046,37.97175049507164,6607.551097835475
Mymensingh,Garlic,Rabi,18566.74011442393,48.88096445615971,9075.601635999108
Bogra,Coriander,Kharif,16054.344622624749,52.30952904268185,8397.952062984124
Mymensingh,Bajra,Kharif,14920.43622225282,44.458956374751416,6633.47023097399
Sylhet,Barley,Rabi,14510.799108168709,42.67334364354665,6192.243168853535
