District_Name,Crop_Name,Irrigation_Method,Water_Consumption_L_ha,Water_Availability_L_ha
Sylhet,Garlic,Tube Well,11609.330885810616,11335.919980150127
Rajshahi,Gram,Drip Irrigation,12648.406038302792,12091.900253943171
Sylhet,Guava,Canal Irrigation,10063.162447916591,9810.943168837392
Jessore,Barley,Sprinkler Irrigation,10110.539993326256,10754.217313163708
Cumilla,Gram,Canal Irrigation,9320.45101775053,8695.537818813737
Cumilla,Bajra,Tube Well,13707.248507009224,13088.40603512336
Sylhet,Gram,Tube Well,6419.276991936418,6685.757927114612
Bogra,Gram,Tube Well,9289.883923057483,9468.516256279372
Mymensingh,Pulses,Tube Well,6437.159656087371,6909.587516713526
Mymensingh,Citrus,Tube Well,15661.876221224187,16224.039215387857
Chittagong,Opium,Sprinkler Irrigation,10553.033527645484,9809.797091748638
Cumilla,Fenugreek,Canal Irrigation,9733.308655797786,9502.633933285197
Bogra,Opium,Sprinkler Irrigation,7811.486749531211,8738.673824890717
Rangpur,Tomato,Sprinkler Irrigation,6562.789955907221,6767.8388552599845
Mymensingh,Sugarcane,Canal Irrigation,13435.987795036868,14307.01194996194
Barisal,Bajra,Sprinkler Irrigation,11392.330625198285,10973.489616156785
Sylhet,Fenugreek,Sprinkler Irrigation,14439.690538574308,14739.863314188262
Chittagong,Chilli,Canal Irrigation,9909.752939787137,10431.30298945327
Mymensingh,Onion,Tube Well,12835.02600869453,13622.75801145037
Mymensingh,Sugarcane,Tube Well,11629.659341985467,11675.119314403872
Dhaka,Pomegranate,Sprinkler Irrigation,6516.406866225762,5629.6164148168755
Rangpur,Oilseeds,Canal Irrigation,12487.54016587375,11780.396946155142
Dhaka,Opium,Canal Irrigation,8902.221311781012,8984.565486647485
Sylhet,Tomato,Drip Irrigation,10033.949035638458,10385.001062677577
Mymensingh,Maize,Tube Well,5680.971783779863,6249.5861295216355
Rangpur,Opium,Drip Irrigation,14601.97345705037,14377.082754334351
Sylhet,Garlic,Drip Irrigation,7218.003497841976,6720.685754586588
Bogra,Tomato,Sprinkler Irrigation,15963.099655793849,16372.357793579424
Sylhet,Cumin,Sprinkler Irrigation,13257.570180740451,14186.149826992512
Rangpur,Tomato,Sprinkler Irrigation,14120.947084017454,13269.88507210464
Chittagong,Chilli,Drip Irrigation,10153.058292675343,10010.073921476813
Mymensingh,Cotton,Sprinkler Irrigation,6723.227424893816,7415.255817074856
Dhaka,Mango,Tube Well,12977.27773757686,12286.889133173432
Chittagong,Mango,Drip Irrigation,13618.186915349524,13868.92024046748
Rangpur,Onion,Canal Irrigation,7361.595151100787,7776.958273889738
Mymensingh,Maize,Sprinkler Irrigation,13634.279339771629,14206.795818446342
Chittagong,Citrus,Tube Well,7095.4323788879665,6537.828541090872
Barisal,Fenugreek,Canal Irrigation,8522.56991173552,8109.718626075927
Bogra,Chilli,Tube Well,14931.395817121758,15578.772618972163
Dhaka,Gram,Canal Irrigation,8239.982405328281,9048.975322303666
Bogra,Coriander,Sprinkler Irrigation,13613.70107747452,13978.803799011575
Sylhet,Pomegranate,Drip Irrigation,9085.174931130705,9165.649557015828
Rangpur,Wheat,Canal Irrigation,10071.739448849285,10089.210634854711
Rajshahi,Barley,Canal Irrigation,14299.119224990502,13684.144000857856
Mymensingh,Mustard,Drip Irrigation,6889.199378585089,7801.751791531888
Mymensingh,Garlic,Drip Irrigation,12947.546168249088,12369.109118120135
Barisal,Fenugreek,Tube Well,13521.265671888106,12932.424807851938
Cumilla,Fennel,Drip Irrigation,12710.18554630436,12017.69470073965
Rajshahi,Opium,Canal Irrigation,6133.059552617516,5279.555610936549
Chittagong,Cotton,Drip Irrigation,11348.080971156303,10803.372241039617
Rangpur,Citrus,Tube Well,10890.190634568977,10699.086675977527
Sylhet,Wheat,Tube Well,11013.95655402179,11083.625294143794
Bogra,Mustard,Drip Irrigation,11497.93256942712,10643.111459025076
Mymensingh,Gram,Canal Irrigation,12684.691865658902,12287.393285348644
Jessore,Sugarcane,Tube Well,8163.199520499352,8807.44426081746
Dhaka,Onion,Sprinkler Irrigation,9916.312265891533,9189.075186550626
Cumilla,Garlic,Canal Irrigation,13943.963481004028,13232.114555920994
Sylhet,Wheat,Sprinkler Irrigation,7730.729879518505,6740.789557666515
Bogra,Pomegranate,Drip Irrigation,8971.757271053142,9468.350444518728
Sylhet,Bajra,Tube Well,14424.594625033218,15127.51232771632
Chittagong,Oilseeds,Sprinkler Irrigation,8666.711731395135,9336.20846513126
Barisal,Gram,Sprinkler Irrigation,11873.42203702272,12008.00732596832
Dhaka,Garlic,Tube Well,12262.89999826493,11409.18914258203
Jessore,Cotton,Drip Irrigation,7696.485269314778,7857.676576132166
Sylhet,Guava,Sprinkler Irrigation,12361.200413289487,11830.26611078133
Rangpur,Coriander,Drip Irrigation,13279.315411497582,12914.887285965033
Rajshahi,Mango,Canal Irrigation,9255.73704320351,8560.526967311776
Bogra,Guava,Canal Irrigation,14431.507674880544,13768.786696692505
Sylhet,Maize,Sprinkler Irrigation,14175.39300940438,14457.070098084112
Rangpur,Guava,Sprinkler Irrigation,13238.444726642763,12901.570627237445
Rajshahi,Tomato,Tube Well,10119.608326045878,9730.551918936548
Mymensingh,Gram,Sprinkler Irrigation,13269.83042310602,12433.77780927833
Rangpur,Pulses,Sprinkler Irrigation,8443.310384900395,9215.982049058186
Jessore,Mustard,Drip Irrigation,13915.548102979274,14178.801091901783
Bogra,Cumin,Tube Well,12124.622960993804,11550.1443333464
Dhaka,Garlic,Canal Irrigation,10546.981890410336,11544.43824043404
Rajshahi,Fennel,Sprinkler Irrigation,9864.564863409383,9311.178158658093
Bogra,Sugarcane,Sprinkler Irrigation,11408.142767529587,11428.96675421716
Cumilla,Guava,Drip Irrigation,11797.271396413676,12493.23507662141
Bogra,Fenugreek,Sprinkler Irrigation,12237.943642439866,11518.68502775404
Chittagong,Oilseeds,Sprinkler Irrigation,12623.944736670115,12590.951568124978
Sylhet,Barley,Sprinkler Irrigation,13625.997549273045,13089.497364481676
Rangpur,Guava,Sprinkler Irrigation,5463.334821739253,4876.882971174255
Sylhet,Pomegranate,Tube Well,10986.5068597392,11749.610822375753
Dhaka,Fennel,Canal Irrigation,6547.55675032349,7484.439551995902
Rangpur,Cotton,Sprinkler Irrigation,8243.694955155122,8000.731989268779
Bogra,Fennel,Drip Irrigation,10108.79849120498,9861.456053292071
Barisal,Chilli,Tube Well,9040.477636459944,9775.91648020244
Rajshahi,Onion,Drip Irrigation,10039.872681502624,9317.809295656883
Chittagong,Maize,Drip Irrigation,12174.971023916056,11736.590040615803
Chittagong,Oilseeds,Sprinkler Irrigation,9562.57236227422,9997.17777918241
Jessore,Fenugreek,Sprinkler Irrigation,10023.930484985807,9684.38001547191
Jessore,Onion,Tube Well,10952.760107700857,11134.34190531922
Cumilla,Wheat,Sprinkler Irrigation,5660.778337315934,5807.75136002047
Chittagong,Pulses,Drip Irrigation,15473.720640240846,14767.450840411006
Chittagong,Cotton,Sprinkler Irrigation,10569.079039696418,10379.991672629045
Bogra,Fennel,Drip Irrigation,14838.990137550123,15294.938768445518
Rangpur,Mustard,Sprinkler Irrigation,8966.382229719027,9951.933877134985
Rajshahi,Oilseeds,Sprinkler Irrigation,11379.8506978694,11581.5281266918
Bogra,Oilseeds,Canal Irrigation,8123.689169801193,8494.87149740953
Rajshahi,Coriander,Drip Irrigation,8372.023489117902,8142.947254601598
Jessore,Wheat,Sprinkler Irrigation,9738.809833035884,10557.48827921491
Cumilla,Pulses,Drip Irrigation,6936.134038941243,7739.350475666325
Bogra,Barley,Drip Irrigation,7608.3618690241055,7927.147091350755
Bogra,Garlic,Drip Irrigation,12398.89445386274,12948.635299998346
Cumilla,Chilli,Tube Well,10866.56894221022,9953.445508883182
Mymensingh,Citrus,Sprinkler Irrigation,13144.776431944943,13109.02332769862
Cumilla,Guava,Drip Irrigation,10456.905822899736,9965.94187925648
Barisal,Mustard,Canal Irrigation,11010.511135154286,11097.97317904534
Rangpur,Bajra,Drip Irrigation,13129.226692336822,13708.071656947071
Bogra,Chilli,Drip Irrigation,10096.85948031672,9846.919243726605
Barisal,Opium,Canal Irrigation,9522.028580500164,8735.195013399081
Cumilla,Fennel,Canal Irrigation,8385.900627192734,8458.110408952138
Bogra,Guava,Canal Irrigation,13430.304223144423,13225.212519535376
Barisal,Citrus,Tube Well,8172.130833919184,8290.318493226177
Rajshahi,Cotton,Canal Irrigation,10624.11967032099,11172.508638810974
Cumilla,Pulses,Drip Irrigation,12439.312570998183,12332.502325828622
Chittagong,Gram,Sprinkler Irrigation,9523.558287517297,10095.72053330405
Mymensingh,Coriander,Drip Irrigation,5538.563916976957,6467.704419725993
Dhaka,Mustard,Sprinkler Irrigation,10049.309655292223,10249.800538812136
Jessore,Mustard,Canal Irrigation,9925.04313554487,9085.122608936475
Dhaka,Pomegranate,Tube Well,12430.000920777598,12472.012007218716
Bogra,Barley,Sprinkler Irrigation,11739.96657445796,11617.91067154043
Barisal,Fenugreek,Canal Irrigation,7548.906592675259,8116.825483382676
Mymensingh,Chilli,Sprinkler Irrigation,11562.628120069248,11910.676882093609
Sylhet,Maize,Drip Irrigation,15589.499647461174,14763.18527260925
Rangpur,Pomegranate,Canal Irrigation,10606.799754701831,10417.701688402874
Barisal,Chilli,Drip Irrigation,14039.97778318551,13177.212127059627
Jessore,Garlic,Canal Irrigation,13431.996635439302,13550.224369334615
Bogra,Guava,Canal Irrigation,15723.137926734662,15276.153624128909
Bogra,Bajra,Tube Well,14997.40127750347,15147.2147209951
Rangpur,Oilseeds,Tube Well,10576.85049041764,10694.111916156957
Mymensingh,Sugarcane,Canal Irrigation,15500.344924920277,16106.229410064989
Rangpur,Garlic,Canal Irrigation,12972.564533118784,13904.675444384997
Bogra,Onion,Sprinkler Irrigation,12363.476396534355,13285.953847137584
Rajshahi,Fenugreek,Tube Well,13261.730452220554,13985.77701076982
Rajshahi,Gram,Canal Irrigation,6675.29486715658,6942.618462272957
Barisal,Fenugreek,Sprinkler Irrigation,15246.384146707,15071.2360910857
Sylhet,Chilli,Drip Irrigation,10782.352421224175,10309.051804009998
Rangpur,Mustard,Tube Well,10292.964248658973,10935.113627644034
Jessore,Garlic,Sprinkler Irrigation,10458.52150130596,10165.597353738303
Bogra,Cotton,Sprinkler Irrigation,14597.972600245725,14964.187217293262
Barisal,Onion,Sprinkler Irrigation,8254.397480989708,7738.510516679636
Rangpur,Bajra,Sprinkler Irrigation,8015.789943240331,7515.180811134246
Bogra,Guava,Sprinkler Irrigation,12720.050229301334,11959.807214610875
Jessore,Fenugreek,Tube Well,13241.427371924963,13769.915797196018
Mymensingh,Barley,Tube Well,7845.401422103929,7476.235234047764
Bogra,Cotton,Tube Well,7012.390638232034,7540.915289103889
Mymensingh,Cotton,Tube Well,7916.243268285924,8069.573640980744
Dhaka,Chilli,Tube Well,8611.594224580509,8693.130115764163
Mymensingh,Guava,Tube Well,13501.913894552534,14053.721822262356
Rajshahi,Gram,Tube Well,10309.74413278893,9326.58134242818
Barisal,Pomegranate,Drip Irrigation,8947.575189658968,9173.131382382511
Rangpur,Oilseeds,Canal Irrigation,8321.910311537484,8264.601041014395
Bogra,Mango,Canal Irrigation,6690.538829813716,6538.424590635602
Cumilla,Opium,Canal Irrigation,8713.367047755462,8514.55224259991
Rajshahi,Oilseeds,Sprinkler Irrigation,14257.656706814869,14629.680531097853
Jessore,Cotton,Sprinkler Irrigation,10648.635443523575,11361.252921013338
Barisal,Pulses,Sprinkler Irrigation,11571.450294350529,10590.93487654532
Cumilla,Onion,Sprinkler Irrigation,15794.36487885768,16493.144709651002
Mymensingh,Garlic,Canal Irrigation,11615.543568882862,11215.61193318976
Mymensingh,Cumin,Drip Irrigation,9821.907159120288,10202.993511041575
Dhaka,Bajra,Canal Irrigation,10801.46794297284,11061.19236769715
Rajshahi,Mango,Canal Irrigation,10303.143063732674,10423.843133361202
Rangpur,Guava,Drip Irrigation,11239.896931979318,10942.077911639002
Bogra,Bajra,Sprinkler Irrigation,13310.561301146405,12879.778764805287
Sylhet,Fenugreek,Tube Well,11920.798236995695,11814.658471161372
Jessore,Pomegranate,Canal Irrigation,8894.338097395119,9807.526959373892
Chittagong,Fennel,Canal Irrigation,9567.094383577229,9791.714659844123
Cumilla,Mustard,Drip Irrigation,7805.805261684476,7262.241140460223
Sylhet,Fennel,Canal Irrigation,13617.594027439578,13828.363973487902
Cumilla,Cotton,Tube Well,12929.811518334089,13807.351188252578
Bogra,Chilli,Tube Well,9414.820995712616,8782.593393919382
Dhaka,Pulses,Sprinkler Irrigation,12139.678217037952,13020.552891713944
Jessore,Bajra,Sprinkler Irrigation,8773.89368826008,7965.001126225239
Rajshahi,Garlic,Drip Irrigation,7540.588909948632,7334.613951468971
Jessore,Gram,Canal Irrigation,9703.994033910089,8872.616567214072
Cumilla,Sugarcane,Sprinkler Irrigation,8378.546779749731,7946.897339865909
Chittagong,Pulses,Sprinkler Irrigation,7523.340710338875,7850.438980946485
Sylhet,Onion,Tube Well,14784.880566358925,14866.048889143489
Rangpur,Garlic,Tube Well,7078.901354866095,7975.873619180134
Mymensingh,Oilseeds,Tube Well,11261.951906393766,11533.654179245435
Bogra,Citrus,Canal Irrigation,13924.50739786756,13887.81076327199
Barisal,Mustard,Tube Well,9974.913485101766,9799.321096290165
Chittagong,Sugarcane,Drip Irrigation,4673.530139030418,5304.289717352194
Chittagong,Guava,Canal Irrigation,11790.377379409494,10807.01160060224
Rajshahi,Onion,Canal Irrigation,5216.115117278447,5076.985743816914
Rangpur,Coriander,Sprinkler Irrigation,12819.701166378392,12916.125557851386
Barisal,Citrus,Tube Well,9142.72144958202,8469.260440242599
Cumilla,Pomegranate,Sprinkler Irrigation,8859.254551777858,8703.733317285243
Barisal,Chilli,Canal Irrigation,7193.762968446644,7679.616752708947
Rangpur,Citrus,Sprinkler Irrigation,14313.652266157122,13678.466624162407
Rangpur,Gram,Tube Well,13899.578536529938,13443.846797433189
Bogra,Onion,Sprinkler Irrigation,7674.505236316711,6978.803846551449
Mymensingh,Wheat,Sprinkler Irrigation,15030.828888411264,14595.057963562873
Chittagong,Opium,Tube Well,11713.575597562296,11179.196593474207
Chittagong,Wheat,Tube Well,8293.472954496736,8133.9590087916895
Rajshahi,Guava,Tube Well,12295.9121685754,11359.386411415342
Jessore,Pulses,Drip Irrigation,7859.77735777015,7644.620907966212
Mymensingh,Onion,Sprinkler Irrigation,8106.842771036894,8789.921346917414
Cumilla,Wheat,Drip Irrigation,17436.658861569078,17866.023904150672
Cumilla,Tomato,Sprinkler Irrigation,12397.295998233249,11464.316581373798
Rajshahi,Gram,Sprinkler Irrigation,10993.572617344911,11356.45725746062
Rangpur,Mango,Sprinkler Irrigation,10154.201508119824,9238.573339309289
Mymensingh,Chilli,Drip Irrigation,7487.903069313856,7764.943093397904
Barisal,Guava,Drip Irrigation,14423.56033139029,13859.136829500496
Jessore,Maize,Tube Well,10244.54510741359,9579.265820230165
Rangpur,Cumin,Drip Irrigation,9902.32195555745,9388.50062204374
Dhaka,Cumin,Tube Well,11813.863956351528,11123.847841213574
Jessore,Maize,Sprinkler Irrigation,10498.528886484331,10870.418173995517
Sylhet,Fennel,Drip Irrigation,5720.46258592584,6009.612379221677
Mymensingh,Gram,Sprinkler Irrigation,11018.71278219827,10652.191900272384
Mymensingh,Fennel,Canal Irrigation,14418.795731745891,14296.233527939086
Barisal,Wheat,Tube Well,8806.521618816289,8075.985966338193
Dhaka,Onion,Tube Well,10512.709135143094,10598.17728875448
Rajshahi,Bajra,Sprinkler Irrigation,11182.195017454564,10829.556768838142
Rajshahi,Cotton,Sprinkler Irrigation,6330.7856216517,5640.836577802354
Rangpur,Cotton,Canal Irrigation,10020.004762222214,10571.84057690723
Mymensingh,Pomegranate,Sprinkler Irrigation,16874.74553314306,17114.21474628351
Sylhet,Coriander,Sprinkler Irrigation,8666.7337132878,7793.4172264864355
Mymensingh,Pomegranate,Sprinkler Irrigation,10332.6081115186,10327.706430657694
Mymensingh,Pulses,Canal Irrigation,8326.867964725256,8608.675824295402
Jessore,Gram,Drip Irrigation,6869.831372919312,7745.430446236576
Chittagong,Barley,Sprinkler Irrigation,6837.301126519677,6220.534406981013
Dhaka,Cumin,Tube Well,11147.15480774997,11198.797532978791
Bogra,Cotton,Drip Irrigation,10525.627139803491,10737.534388268392
Jessore,Wheat,Sprinkler Irrigation,13591.319447713124,14448.126886589862
Jessore,Tomato,Drip Irrigation,8693.042664756425,9179.997546577162
Cumilla,Guava,Drip Irrigation,10909.236473687695,10440.867742681026
Dhaka,Mustard,Canal Irrigation,7376.595449031643,6808.395575473758
Mymensingh,Gram,Drip Irrigation,11668.94259922202,11732.264702026963
Barisal,Bajra,Sprinkler Irrigation,12010.235000744762,12905.241689859598
Mymensingh,Garlic,Tube Well,10209.993231380526,10742.56007141263
Bogra,Guava,Tube Well,13422.897316960503,13277.047297547628
Jessore,Oilseeds,Sprinkler Irrigation,9623.49357990071,9632.879140912632
Chittagong,Garlic,Tube Well,15454.102805513314,16259.072746818758
Mymensingh,Mango,Canal Irrigation,9724.950329141511,9991.431973512485
Sylhet,Coriander,Sprinkler Irrigation,10012.453335854096,9440.309607941535
Mymensingh,Cotton,Canal Irrigation,14058.35971916072,13953.359297157218
Cumilla,Wheat,Drip Irrigation,15865.558366480327,16057.0840197279
Mymensingh,Pulses,Canal Irrigation,6123.28217491978,7092.071025553381
Barisal,Mango,Drip Irrigation,13700.15472438814,14586.85053687752
Rangpur,Garlic,Sprinkler Irrigation,8202.166113463592,8122.905724786111
Chittagong,Pulses,Canal Irrigation,7848.415367611162,8012.726780330902
Barisal,Cotton,Canal Irrigation,7931.240742611578,7730.837239567106
Barisal,Mustard,Canal Irrigation,13273.221145849826,12619.02612756247
Bogra,Gram,Canal Irrigation,5766.843841556208,6383.526185877871
Cumilla,Mustard,Drip Irrigation,12394.914901537331,12063.694190483871
Cumilla,Citrus,Drip Irrigation,13566.56146372588,13019.996806450185
Bogra,Wheat,Tube Well,7085.039933091349,7133.806636118571
Sylhet,Garlic,Sprinkler Irrigation,8827.436798711788,9222.974103899924
Chittagong,Barley,Tube Well,16966.708188788925,17472.388594809985
Bogra,Chilli,Drip Irrigation,6838.008501116947,6417.574559430321
Cumilla,Pulses,Sprinkler Irrigation,9014.602706045544,8966.31201484029
Dhaka,Garlic,Tube Well,7315.642422803417,7112.69649753523
Cumilla,Opium,Sprinkler Irrigation,13325.864924977834,13287.709928929862
Barisal,Onion,Tube Well,12922.992209038044,12315.190809824486
Bogra,Chilli,Sprinkler Irrigation,7836.617509962219,7369.131691349225
Cumilla,Mango,Drip Irrigation,5186.493863293048,5013.657968224709
Sylhet,Guava,Sprinkler Irrigation,9063.443426358392,9251.197724440535
Dhaka,Sugarcane,Sprinkler Irrigation,15539.121484762074,15771.563473671082
Rajshahi,Coriander,Sprinkler Irrigation,10367.017016437918,11215.443430244772
Barisal,Bajra,Canal Irrigation,8318.884321148758,8775.857826955147
Jessore,Gram,Drip Irrigation,7310.516573320171,7552.521458497928
Chittagong,Sugarcane,Drip Irrigation,9707.720859514511,10316.28240678311
Rangpur,Tomato,Tube Well,6944.652112238872,6362.671194487277
Mymensingh,Bajra,Sprinkler Irrigation,8975.988385016752,9476.698682521685
Mymensingh,Onion,Sprinkler Irrigation,12647.394072570156,12983.915236426968
Cumilla,Cumin,Drip Irrigation,7880.682859486857,7000.902958638193
Barisal,Opium,Canal Irrigation,6424.95874781007,6734.474491440844
Dhaka,Mustard,Tube Well,12358.597811221049,12684.56108266136
Sylhet,Gram,Drip Irrigation,8211.862079159344,8978.666709459912
Cumilla,Maize,Tube Well,9862.175811883151,10281.553408553596
Sylhet,Onion,Drip Irrigation,7703.977881248385,7705.279526986143
Rajshahi,Garlic,Drip Irrigation,5666.525490876168,6511.065722244342
Rangpur,Mango,Tube Well,8504.656216008223,7818.666717189888
Sylhet,Fenugreek,Canal Irrigation,9823.318137159888,9427.97056036593
Mymensingh,Cotton,Drip Irrigation,10295.83897113062,11053.19351951294
Dhaka,Garlic,Canal Irrigation,8565.309493471692,8248.881799168526
Cumilla,Fenugreek,Sprinkler Irrigation,7104.261819383395,6868.676063092212
Bogra,Fennel,Sprinkler Irrigation,8072.30297878866,8218.100084708218
Cumilla,Sugarcane,Canal Irrigation,9362.07682993728,8625.62109447374
Chittagong,Cumin,Sprinkler Irrigation,15406.7762299299,15024.773022254269
Mymensingh,Pulses,Tube Well,13493.23355507468,14444.78737321188
Chittagong,Fennel,Sprinkler Irrigation,8446.121405967951,8560.80200215509
Jessore,Oilseeds,Canal Irrigation,14182.05859351723,13473.104255191363
Dhaka,Mango,Tube Well,15798.492764136838,15405.18897408914
Rangpur,Pulses,Sprinkler Irrigation,6785.848113412989,6155.341106562124
Bogra,Coriander,Canal Irrigation,10766.26510198684,10990.989144863071
Bogra,Maize,Sprinkler Irrigation,13919.757912352534,13638.280581421635
Rajshahi,Pulses,Tube Well,14565.828790098942,14313.747592359943
Cumilla,Onion,Tube Well,7946.074223357719,7332.59388231474
Dhaka,Citrus,Drip Irrigation,14451.167395875023,15351.563480854858
Barisal,Fenugreek,Sprinkler Irrigation,11783.79351662264,10916.06616509242
Rajshahi,Coriander,Tube Well,11178.389131663578,11911.938941976936
Barisal,Citrus,Tube Well,13664.465760846537,13880.325676689125
Cumilla,Mango,Tube Well,11984.850101027714,12469.785810443604
Bogra,Garlic,Drip Irrigation,12183.567907091836,12086.78709221916
Dhaka,Maize,Tube Well,15820.68530880267,14899.188553287644
Cumilla,Chilli,Drip Irrigation,6549.980603033487,6429.088352466406
Rangpur,Sugarcane,Tube Well,8287.169651559421,7876.009102233691
Dhaka,Opium,Sprinkler Irrigation,9156.962290614878,9449.165306474277
Jessore,Chilli,Drip Irrigation,7325.435418825231,7496.330860265611
Mymensingh,Pulses,Tube Well,9965.279230719025,9867.050940413174
Chittagong,Tomato,Sprinkler Irrigation,16725.482440218235,15905.841762797176
Sylhet,Opium,Sprinkler Irrigation,16342.001794986403,15589.090228657273
Jessore,Opium,Tube Well,12416.921321169872,11587.534409238497
Cumilla,Chilli,Sprinkler Irrigation,9235.75433111018,8996.968349632474
Chittagong,Mango,Sprinkler Irrigation,7857.810877155319,7147.025624984559
Dhaka,Citrus,Canal Irrigation,9565.529047362708,10102.789892084593
Rajshahi,Sugarcane,Sprinkler Irrigation,6831.659050671791,6094.801114295962
Barisal,Wheat,Canal Irrigation,7206.720663202068,7201.975878003664
Rajshahi,Garlic,Drip Irrigation,11735.78922686951,11722.722819395802
Barisal,Cumin,Tube Well,10585.552883352288,10469.30360634776
Bogra,Coriander,Drip Irrigation,8748.63748627271,8843.320705439002
Bogra,Fennel,Sprinkler Irrigation,6711.782325812918,6008.294662172299
Sylhet,Barley,Sprinkler Irrigation,14832.508657982533,15166.50174387492
Bogra,Sugarcane,Canal Irrigation,13401.81102342736,12499.87374892496
Cumilla,Oilseeds,Sprinkler Irrigation,11376.127032901615,11598.306544998924
Bogra,Cumin,Sprinkler Irrigation,13079.78237278331,13578.451990838032
Sylhet,Barley,Drip Irrigation,13484.29435143773,13129.938053118767
Cumilla,Mustard,Tube Well,14648.344762040924,13778.196495082222
Rajshahi,Pulses,Drip Irrigation,12812.418804264462,12361.255889767928
Mymensingh,Citrus,Sprinkler Irrigation,14315.806041499123,14539.913531355973
Jessore,Cumin,Drip Irrigation,10347.173309142738,10724.481865651427
Rangpur,Citrus,Canal Irrigation,8894.466283038912,9044.751661063256
Bogra,Guava,Sprinkler Irrigation,10270.030482685705,10262.824333580063
Rajshahi,Onion,Sprinkler Irrigation,13412.853956212635,12878.29723518972
Rangpur,Bajra,Drip Irrigation,7555.182637629052,7484.953906376214
Jessore,Bajra,Tube Well,10552.238407119408,10219.822920987055
Mymensingh,Fennel,Sprinkler Irrigation,5922.306322157758,5324.680600017939
Rangpur,Cotton,Drip Irrigation,8707.160736238753,8720.53999043077
Sylhet,Wheat,Drip Irrigation,10324.886925504925,10007.61009596493
Bogra,Coriander,Drip Irrigation,13006.81020001245,12394.841359808492
Sylhet,Fenugreek,Tube Well,15513.859918500217,16108.368686158066
Chittagong,Onion,Sprinkler Irrigation,12314.619379003692,13098.736032583529
Mymensingh,Mango,Tube Well,13709.565523085254,13537.471653753624
Dhaka,Chilli,Canal Irrigation,11139.65533174276,11496.050581042506
Mymensingh,Garlic,Drip Irrigation,7879.9240187193955,8250.910619412252
Sylhet,Mustard,Sprinkler Irrigation,7961.273257073144,7023.619586451517
Cumilla,Fennel,Sprinkler Irrigation,11917.248200955246,11696.380748741763
Bogra,Gram,Canal Irrigation,12867.18760691163,12496.186403700083
Dhaka,Cotton,Tube Well,7114.8269052854575,7868.924370527042
Sylhet,Tomato,Canal Irrigation,7527.310611136752,7131.947208397775
Jessore,Guava,Drip Irrigation,10200.743281888015,11027.450974222134
Rajshahi,Chilli,Drip Irrigation,14638.506608605743,15448.418209851956
Chittagong,Bajra,Canal Irrigation,13627.383745214727,14092.265878726615
Mymensingh,Sugarcane,Canal Irrigation,6660.721628092192,7404.319598969058
Mymensingh,Fenugreek,Sprinkler Irrigation,8390.834977945087,7463.940051804904
Cumilla,Opium,Drip Irrigation,5800.3312305362715,6665.005918577928
Bogra,Mustard,Canal Irrigation,11283.217833061306,10375.497373109887
Mymensingh,Fenugreek,Canal Irrigation,6585.009329568442,7101.996970905105
Barisal,Mango,Sprinkler Irrigation,8261.508813837763,7814.807891173893
Sylhet,Tomato,Drip Irrigation,7299.124219629261,6614.1162492013445
Jessore,Wheat,Drip Irrigation,8811.686998813719,8512.323274661952
Sylhet,Cotton,Sprinkler Irrigation,14868.039335541484,15476.045012455754
Bogra,Maize,Sprinkler Irrigation,6395.942030126154,6622.467797158109
Sylhet,Garlic,Tube Well,6549.114928721748,5607.100301127031
Dhaka,Gram,Tube Well,5332.452630456012,5185.384120876067
Chittagong,Opium,Tube Well,12018.702822006033,11643.584124308098
Barisal,Opium,Drip Irrigation,13243.461740163486,13754.947611306055
Rajshahi,Cumin,Sprinkler Irrigation,5911.526944172414,6516.227940447497
Rajshahi,Gram,Tube Well,7454.83477981267,7743.671999739621
Rajshahi,Onion,Sprinkler Irrigation,16143.440665335738,15430.88403289291
Bogra,Cotton,Canal Irrigation,8929.086542001554,9328.31578416641
Sylhet,Mango,Tube Well,11980.729545143184,11111.459942774924
Jessore,Guava,Tube Well,9607.273703457908,8948.876793062544
Sylhet,Coriander,Sprinkler Irrigation,8766.605505241958,8577.977469719748
Jessore,Mango,Drip Irrigation,11665.672132028874,11731.163263885535
Cumilla,Cumin,Tube Well,9154.015304161989,8641.397426260628
Chittagong,Onion,Tube Well,6491.731743996843,5908.208035622279
Bogra,Citrus,Tube Well,10496.03314727643,10180.43481654812
Barisal,Oilseeds,Drip Irrigation,12856.79532254267,13280.61296568126
Rajshahi,Gram,Tube Well,9376.414689603527,8571.72250798685
Rajshahi,Oilseeds,Canal Irrigation,16234.68303496426,15373.89830462311
Jessore,Fenugreek,Tube Well,10242.599253257446,10532.577484153511
Dhaka,Mustard,Sprinkler Irrigation,12872.892360428836,13647.415433577084
Dhaka,Pulses,Sprinkler Irrigation,8740.542057141769,8323.548564150778
Bogra,Cumin,Tube Well,7440.109287349125,7803.142863322418
Sylhet,Sugarcane,Canal Irrigation,14637.844167777475,15511.197134007498
Sylhet,Mustard,Drip Irrigation,10394.764742722036,10415.612501435362
Chittagong,Sugarcane,Drip Irrigation,8430.653665882128,8528.423939089249
Dhaka,Wheat,Canal Irrigation,7227.499237913353,6791.917730613209
Dhaka,Maize,Tube Well,12260.0572581808,12048.593905518686
Sylhet,Opium,Tube Well,9685.95707379442,9556.337170604267
Barisal,Fenugreek,Sprinkler Irrigation,9494.576539603177,8871.030215758707
Cumilla,Guava,Tube Well,7218.176224919613,8213.088310940555
Chittagong,Pulses,Drip Irrigation,6031.495057106686,5062.910655856738
Rajshahi,Fenugreek,Tube Well,16090.023388301024,15361.574879392623
Chittagong,Fennel,Tube Well,15163.949776545727,15951.11471483061
Bogra,Citrus,Sprinkler Irrigation,8226.828899981212,8075.078269126398
Rajshahi,Pomegranate,Canal Irrigation,7285.115977858025,7134.659692449487
Dhaka,Cumin,Tube Well,11582.777316251188,11056.277250807225
Mymensingh,Cotton,Tube Well,13407.005540905684,13559.71024720156
Dhaka,Barley,Tube Well,12240.947529657356,11467.276268887224
Rajshahi,Opium,Drip Irrigation,6223.621394910118,6686.207760943793
Rangpur,Tomato,Drip Irrigation,9722.879825451417,9943.021043881912
Barisal,Onion,Drip Irrigation,10936.188709956168,11014.583134843144
Bogra,Sugarcane,Drip Irrigation,14425.183186804308,14495.249710036278
Dhaka,Onion,Tube Well,10687.56985089988,10626.034635134123
Sylhet,Citrus,Canal Irrigation,13588.230351163556,14184.676795177538
Rangpur,Oilseeds,Drip Irrigation,12472.162586544757,12667.43562453606
Rangpur,Cumin,Canal Irrigation,6194.53353646851,6140.854600376566
Chittagong,Cumin,Drip Irrigation,11583.422525144317,11166.928942551349
Bogra,Wheat,Canal Irrigation,12097.01360299293,11350.65627388654
Jessore,Cotton,Canal Irrigation,8157.0222407862,7718.966103749178
Rangpur,Wheat,Drip Irrigation,9948.401485960649,10768.6644633189
Chittagong,Fenugreek,Tube Well,10101.867693715829,9452.666423690644
Barisal,Onion,Sprinkler Irrigation,14264.932912984446,14988.961769039744
Sylhet,Mustard,Sprinkler Irrigation,10055.48157776344,10698.929113310312
Rajshahi,Citrus,Tube Well,8808.136977414795,8688.506994198258
Chittagong,Bajra,Canal Irrigation,7486.885654990174,7015.676646825231
Jessore,Barley,Sprinkler Irrigation,9033.817675819651,8986.281560491683
Rajshahi,Garlic,Sprinkler Irrigation,8554.083984697136,8965.299593861231
Rajshahi,Cotton,Sprinkler Irrigation,11870.40554016511,11739.874199504404
Rangpur,Tomato,Tube Well,12435.124833905207,13358.65027951927
Dhaka,Gram,Canal Irrigation,15411.120009045768,15274.691766280186
Rangpur,Mango,Canal Irrigation,8690.014378192613,7886.567955009886
Bogra,Pomegranate,Tube Well,13464.636943460097,13962.818766978922
Bogra,Bajra,Canal Irrigation,10494.503339719837,11480.9330337155
Sylhet,Garlic,Drip Irrigation,13317.78093231096,13981.15993196072
Dhaka,Citrus,Drip Irrigation,11982.041814624195,12353.04091909335
Sylhet,Maize,Canal Irrigation,8077.426145965102,7145.509671022245
Bogra,Mustard,Drip Irrigation,14383.740020062569,14696.951057191238
Barisal,Coriander,Drip Irrigation,10478.286254714449,9718.2404742701
Bogra,Pulses,Tube Well,12519.903167578968,13319.697597833452
Bogra,Oilseeds,Drip Irrigation,12962.27562212278,12468.947099896095
Rajshahi,Fenugreek,Drip Irrigation,11675.9561919122,12521.346973601596
Rangpur,Citrus,Canal Irrigation,9251.044913323143,9812.507510484633
Rangpur,Barley,Tube Well,9180.030218320871,10171.947352547117
Rangpur,Cotton,Sprinkler Irrigation,10527.813095782438,10511.256668593058
Barisal,Coriander,Tube Well,6830.424921767177,6814.539510689893
Chittagong,Garlic,Tube Well,7946.718068675412,8233.394402613201
Rajshahi,Opium,Canal Irrigation,6808.763795226144,5954.602801984063
Bogra,Cotton,Tube Well,6307.872962027843,6303.275717599063
Dhaka,Barley,Tube Well,8087.602263601358,8487.71266227881
Cumilla,Cumin,Drip Irrigation,10498.58060222211,11378.402748682383
Rajshahi,Onion,Tube Well,10431.12895565772,10886.663797984018
Jessore,Garlic,Sprinkler Irrigation,5766.407617282097,6674.718309134388
Rajshahi,Gram,Canal Irrigation,7554.884208674378,7160.540361647178
Dhaka,Fennel,Drip Irrigation,10913.246469955668,11619.930626625724
Sylhet,Mustard,Tube Well,14618.428084360095,14198.345420582516
Barisal,Oilseeds,Drip Irrigation,12807.006213033175,13128.474390336896
Rangpur,Opium,Tube Well,15038.43731016288,15299.671425060766
Sylhet,Onion,Drip Irrigation,13264.426181969558,13140.393680619576
Barisal,Pulses,Drip Irrigation,7941.71651590892,8381.19458539887
Bogra,Maize,Tube Well,9778.388588703136,10363.86693237696
Rangpur,Onion,Tube Well,14354.607312397398,13387.44388428517
Sylhet,Barley,Canal Irrigation,12064.056999034912,11149.686065941898
Jessore,Bajra,Tube Well,13462.229941809144,14202.630000946718
Mymensingh,Pulses,Sprinkler Irrigation,13011.049263458935,12084.80459830501
Chittagong,Onion,Drip Irrigation,9389.109535118874,10225.14768677604
Dhaka,Maize,Sprinkler Irrigation,6088.111343713056,6353.434253216606
Rangpur,Gram,Tube Well,10677.835078826483,11348.539392805673
Jessore,Gram,Drip Irrigation,11188.69268213842,11787.043126807375
Barisal,Mustard,Sprinkler Irrigation,11298.744093637628,11921.78615311722
Cumilla,Mango,Drip Irrigation,13925.205313205744,14077.139334110712
Chittagong,Mango,Sprinkler Irrigation,13186.357276652689,13372.527782734382
Sylhet,Mustard,Drip Irrigation,8888.025671803898,9403.12584419177
Chittagong,Opium,Canal Irrigation,11498.959666396311,11376.282090504768
Bogra,Barley,Sprinkler Irrigation,6952.117593245303,7646.851013739422
Bogra,Pomegranate,Sprinkler Irrigation,6596.729919091738,6570.664868738965
Dhaka,Wheat,Sprinkler Irrigation,15026.547697641205,15440.030194554813
Bogra,Sugarcane,Tube Well,10726.443363138786,11310.92479278365
Rajshahi,Opium,Sprinkler Irrigation,8538.202469741247,8817.853877205836
Mymensingh,Tomato,Tube Well,8876.71723393254,8225.815105869964
Dhaka,Coriander,Sprinkler Irrigation,11504.132078144998,11728.231713482262
Jessore,Fennel,Canal Irrigation,9165.32193312486,8174.462015688475
Barisal,Bajra,Drip Irrigation,15896.186432125534,16849.769390938305
Bogra,Guava,Sprinkler Irrigation,9964.905628898414,10217.834119229095
Barisal,Cotton,Drip Irrigation,8574.328370023022,9167.554313308508
Rajshahi,Onion,Sprinkler Irrigation,9196.046016577437,10041.392095496543
Dhaka,Fennel,Canal Irrigation,7892.338002521121,7761.681287059238
Sylhet,Coriander,Tube Well,5507.389543911853,5988.223313538121
Mymensingh,Oilseeds,Sprinkler Irrigation,13466.501693711718,13436.624485760523
Jessore,Mustard,Sprinkler Irrigation,13394.048900718515,13579.46222524986
Sylhet,Citrus,Sprinkler Irrigation,12430.031468646672,13226.77698240898
Barisal,Gram,Canal Irrigation,9219.919015214182,8694.155738067184
Cumilla,Bajra,Tube Well,12145.254964867,11292.314397596932
Bogra,Onion,Drip Irrigation,14985.483441980414,14275.365985904346
Bogra,Tomato,Sprinkler Irrigation,8911.254812305679,8184.064041467123
Barisal,Fennel,Canal Irrigation,17321.244086806902,16725.6658683452
Chittagong,Barley,Drip Irrigation,10224.143883998218,9446.362425078743
Rajshahi,Tomato,Tube Well,6962.690542213025,6649.8425586717385
Rangpur,Coriander,Sprinkler Irrigation,12385.67735176741,12661.675779527415
Bogra,Oilseeds,Sprinkler Irrigation,7360.920782614978,8074.868310049935
Rajshahi,Bajra,Tube Well,13009.001151244214,12567.34290792339
Cumilla,Maize,Sprinkler Irrigation,8905.040178377934,9063.974238450932
Bogra,Pulses,Drip Irrigation,9784.72564330924,8873.174034270807
Rajshahi,Chilli,Drip Irrigation,7943.994593089513,7732.634905631077
Jessore,Tomato,Tube Well,8153.305461698139,8270.279394576495
Dhaka,Opium,Tube Well,13545.89218379728,12811.316187374598
Rangpur,Maize,Drip Irrigation,5840.427811761392,6178.49902847632
Chittagong,Opium,Tube Well,15702.14963779067,16196.723031011275
Dhaka,Tomato,Tube Well,11319.77652598992,12068.174602034464
Cumilla,Oilseeds,Canal Irrigation,12587.975049199922,12995.779175245065
Dhaka,Fennel,Drip Irrigation,9199.90530944715,9581.406586728584
Mymensingh,Barley,Canal Irrigation,9558.028738782135,9097.607499913523
Bogra,Garlic,Sprinkler Irrigation,14123.762281617335,13285.680364755432
Sylhet,Barley,Canal Irrigation,14467.594163163929,13689.527250616502
Sylhet,Tomato,Drip Irrigation,9820.24777563332,9170.782582006628
Mymensingh,Opium,Drip Irrigation,12116.360419506973,12663.51143676622
Chittagong,Mango,Sprinkler Irrigation,10497.012717054124,10795.089517735678
Bogra,Opium,Sprinkler Irrigation,11996.211010032272,12517.982816889817
Sylhet,Guava,Canal Irrigation,9389.20304157219,9235.061291790003
Dhaka,Mustard,Canal Irrigation,8355.334627828384,8327.788438124593
Mymensingh,Gram,Tube Well,16041.891875639009,16398.508459483714
Mymensingh,Sugarcane,Tube Well,13030.965986339426,13630.773720729125
Jessore,Bajra,Tube Well,5868.96957880922,5650.334584450589
Chittagong,Sugarcane,Drip Irrigation,6060.6420527993305,5612.527525216575
Chittagong,Onion,Sprinkler Irrigation,14543.524441226464,14584.899719939343
Dhaka,Sugarcane,Tube Well,15532.082973349306,15614.952889486189
Chittagong,Onion,Canal Irrigation,10318.042354230423,10793.460842087476
Dhaka,Sugarcane,Sprinkler Irrigation,6399.1276934772395,7142.715095016164
Barisal,Chilli,Canal Irrigation,9583.46937693617,9269.054334174612
Sylhet,Onion,Tube Well,10453.945575694468,10588.448897520244
Rangpur,Oilseeds,Canal Irrigation,8110.104330938077,7853.908964119232
Rangpur,Barley,Sprinkler Irrigation,7141.194633355327,7053.0477077303285
Chittagong,Coriander,Sprinkler Irrigation,12121.21301596839,11691.706180362897
Chittagong,Opium,Sprinkler Irrigation,6816.884588086358,6050.719257693512
Sylhet,Cumin,Sprinkler Irrigation,10142.648442555908,9881.992729243528
Barisal,Garlic,Drip Irrigation,15569.29896880499,16525.34409488322
Chittagong,Guava,Tube Well,11257.840334123124,10583.035550266895
Rangpur,Gram,Drip Irrigation,9338.78509862833,9337.618930303952
Chittagong,Tomato,Canal Irrigation,8087.025430940938,9027.325757563884
Mymensingh,Chilli,Canal Irrigation,12395.983434896116,11987.097173223005
Rangpur,Cumin,Sprinkler Irrigation,13750.550060070624,14207.637635072351
Rajshahi,Mango,Drip Irrigation,13348.471883375982,14148.820821484678
Chittagong,Fenugreek,Drip Irrigation,10576.891966533269,10380.151810382242
Barisal,Tomato,Canal Irrigation,6059.669862843155,5169.737135150896
Barisal,Cumin,Sprinkler Irrigation,13648.766220551282,14182.956462214845
Barisal,Wheat,Drip Irrigation,9840.984478938908,9731.900642816505
Jessore,Chilli,Tube Well,8180.575452259329,7816.091076591338
Bogra,Chilli,Drip Irrigation,12873.690481459602,12595.820219754054
Chittagong,Opium,Tube Well,8937.405462393031,8683.067764353482
Rangpur,Guava,Canal Irrigation,8513.892562421464,8405.044644422163
Mymensingh,Mustard,Sprinkler Irrigation,13775.396571664598,13663.837296000622
Cumilla,Tomato,Canal Irrigation,8160.576332240359,8616.577673141624
Cumilla,Citrus,Sprinkler Irrigation,11835.443254464695,12031.314668501418
Chittagong,Bajra,Canal Irrigation,10327.943841983644,11062.99548173873
Sylhet,Mustard,Tube Well,6313.8015899988595,6132.722867504108
Rangpur,Citrus,Sprinkler Irrigation,9617.676650299429,10038.170663846078
Chittagong,Bajra,Sprinkler Irrigation,13197.7854958558,12776.71182895342
Rajshahi,Barley,Canal Irrigation,13094.467488414506,12702.296246983577
Mymensingh,Tomato,Sprinkler Irrigation,7756.209819548522,6761.103169464623
Rangpur,Sugarcane,Tube Well,7425.755471725851,7757.582395404465
Rangpur,Citrus,Sprinkler Irrigation,8990.539719449815,9366.226091443625
Barisal,Wheat,Drip Irrigation,12154.897056732822,12140.997506806494
Jessore,Coriander,Canal Irrigation,12376.563692104011,12507.712871384838
Rangpur,Fennel,Tube Well,17852.609677112847,18489.171266347672
Sylhet,Chilli,Drip Irrigation,11449.390551345066,10775.085016708905
Dhaka,Pulses,Canal Irrigation,8241.386061855565,8627.952151478203
Sylhet,Oilseeds,Drip Irrigation,10035.753350608777,9874.7813609212
Sylhet,Barley,Canal Irrigation,8961.01820626848,9238.911256824618
Jessore,Chilli,Sprinkler Irrigation,11778.059541749071,11144.55453657851
Jessore,Coriander,Sprinkler Irrigation,11475.80445492513,12220.690723842012
Rangpur,Cotton,Canal Irrigation,5053.718621133248,5213.811904065729
Chittagong,Wheat,Sprinkler Irrigation,10667.136200350204,10413.16459056119
Rajshahi,Citrus,Canal Irrigation,14756.562744418328,14082.621029392692
Barisal,Pulses,Sprinkler Irrigation,14730.462821774374,15320.676297851942
Mymensingh,Coriander,Drip Irrigation,8766.947632428775,9599.00995248832
Jessore,Pulses,Drip Irrigation,10404.05606606711,10027.202997760824
Sylhet,Pulses,Tube Well,12711.245456060911,12906.542734869285
Sylhet,Oilseeds,Canal Irrigation,6418.676335180277,7047.824552002974
Barisal,Pulses,Sprinkler Irrigation,11100.780180603757,10715.636827936423
Barisal,Pulses,Drip Irrigation,9422.358174186737,9948.405549746984
Jessore,Mustard,Drip Irrigation,11680.436061574252,12195.104130329632
Dhaka,Bajra,Drip Irrigation,6705.033459263387,7024.611145952871
Bogra,Barley,Tube Well,7677.250651736623,7183.275594183592
Jessore,Sugarcane,Drip Irrigation,12490.850387847267,13055.59201607381
Bogra,Bajra,Sprinkler Irrigation,7692.338336010403,7395.405668952577
Jessore,Pulses,Canal Irrigation,12432.999360909387,12128.672444456197
Chittagong,Chilli,Sprinkler Irrigation,10228.198517926843,9364.872595722374
Bogra,Wheat,Sprinkler Irrigation,12379.838591718528,13308.366189531193
Chittagong,Garlic,Drip Irrigation,18631.09132663682,17828.462763653428
Barisal,Chilli,Tube Well,8264.241694729391,8443.002837000042
Rajshahi,Fenugreek,Drip Irrigation,8744.458063282698,8454.102753160047
Cumilla,Citrus,Sprinkler Irrigation,11687.746351532394,11502.90229148163
Sylhet,Gram,Tube Well,7189.090151369604,6460.914891180668
Sylhet,Opium,Canal Irrigation,12951.166963243912,12032.384089527675
Sylhet,Onion,Drip Irrigation,9815.154578804137,9729.0461118271
Rangpur,Fenugreek,Tube Well,8345.46703498273,8160.031475986966
Cumilla,Bajra,Drip Irrigation,13978.142475382783,14583.015275430134
Sylhet,Oilseeds,Drip Irrigation,16822.457365733197,16805.75411282305
Jessore,Pomegranate,Tube Well,11877.617820777426,12230.655149572112
Jessore,Pulses,Tube Well,9004.616852084248,9185.731316748272
Jessore,Oilseeds,Drip Irrigation,8050.000574835967,7448.173345852202
Barisal,Coriander,Tube Well,6960.644618107786,7636.862880790704
Rajshahi,Cotton,Canal Irrigation,11782.138985859468,12384.107447787705
Cumilla,Guava,Tube Well,11923.863009853036,12824.140645374382
Rajshahi,Chilli,Canal Irrigation,8232.959471536062,8142.228955043288
Jessore,Cotton,Tube Well,9996.419334837983,10253.1613941642
Chittagong,Wheat,Drip Irrigation,12586.055656141323,13246.68059338104
Rajshahi,Fenugreek,Drip Irrigation,14834.22867240389,14599.494637933924
Sylhet,Pulses,Canal Irrigation,12581.685610400473,11774.352867592776
Jessore,Fenugreek,Tube Well,10183.387351224495,9587.250860127924
Rajshahi,Onion,Canal Irrigation,10221.735228270967,10840.698423053584
Mymensingh,Garlic,Drip Irrigation,14881.132921301873,13944.32996768179
Cumilla,Gram,Tube Well,11257.243792202467,11962.992370755914
Rajshahi,Tomato,Drip Irrigation,5986.049263796483,6099.382364762266
Rangpur,Opium,Sprinkler Irrigation,8467.326203570508,7736.302687995273
Cumilla,Onion,Drip Irrigation,11808.797364004042,11789.904787608748
Mymensingh,Fenugreek,Tube Well,9629.843677297018,10338.546616394764
Mymensingh,Barley,Tube Well,7374.706138521665,7556.796375824307
Cumilla,Coriander,Canal Irrigation,12092.941431726797,11661.816510888955
Dhaka,Wheat,Drip Irrigation,7021.777144054195,6754.597332291575
Bogra,Wheat,Canal Irrigation,8855.17885323637,8711.47523377327
Sylhet,Citrus,Canal Irrigation,5072.651298959502,4561.10907180474
Barisal,Fennel,Canal Irrigation,12349.410835243,13170.188872671724
Jessore,Sugarcane,Drip Irrigation,10190.624781572742,9230.048761964015
Sylhet,Barley,Tube Well,12696.518434146712,12541.464514116857
Mymensingh,Citrus,Canal Irrigation,5480.11881656273,5419.51861906854
Dhaka,Mango,Tube Well,10908.85767715624,10553.700414660168
Jessore,Onion,Drip Irrigation,12209.808084029357,11621.624715822843
Rajshahi,Chilli,Canal Irrigation,7948.719494120022,7547.7612893042515
Cumilla,Bajra,Tube Well,12502.225875453534,13450.44040322664
Jessore,Garlic,Sprinkler Irrigation,7955.823722114245,7050.886444340034
Bogra,Pomegranate,Sprinkler Irrigation,11716.43888153888,12632.321008406025
Bogra,Gram,Canal Irrigation,8847.156613362826,8980.013202936234
Mymensingh,Onion,Tube Well,9035.9544752823,9627.25797397752
Rangpur,Chilli,Canal Irrigation,10593.387725600547,10673.28288391157
Barisal,Citrus,Tube Well,8913.2530968281,8943.99156161911
Mymensingh,Oilseeds,Drip Irrigation,11748.25844183641,11780.706671964546
Chittagong,Cumin,Tube Well,9033.17584048988,9957.409989706117
Rajshahi,Cotton,Tube Well,15002.262213567736,15455.492350599388
Dhaka,Chilli,Sprinkler Irrigation,8479.514014091956,7775.001391741113
Chittagong,Fenugreek,Canal Irrigation,15505.273858628016,15325.794383586584
Jessore,Fennel,Sprinkler Irrigation,14563.807623195647,14097.677140398482
Rangpur,Fennel,Sprinkler Irrigation,7939.937867754027,8142.402407105041
Cumilla,Maize,Drip Irrigation,6997.24919129482,6052.657538627098
Rangpur,Tomato,Tube Well,11365.797788793954,11238.063610817391
Dhaka,Bajra,Sprinkler Irrigation,8846.002979935683,7904.286715127459
Rangpur,Fenugreek,Sprinkler Irrigation,12031.422519576368,11115.887262770157
Rajshahi,Wheat,Drip Irrigation,14163.877590402428,13331.736672533589
Bogra,Sugarcane,Drip Irrigation,16502.993414875997,16317.007117995352
Sylhet,Fenugreek,Drip Irrigation,10597.742502795663,11277.363450100547
Chittagong,Maize,Drip Irrigation,11351.10483255992,11351.601889594522
Jessore,Chilli,Canal Irrigation,11453.429467564556,10633.92704293816
Bogra,Gram,Canal Irrigation,8038.062839831013,8206.715280993425
Cumilla,Maize,Tube Well,8278.907986841326,7492.536013314167
Barisal,Cotton,Tube Well,11425.95264834646,12151.75251570051
Dhaka,Onion,Canal Irrigation,12028.438120062354,11254.360813620242
Mymensingh,Citrus,Tube Well,11115.224625387542,12041.855305318792
Chittagong,Guava,Tube Well,11629.774598186652,12272.50533057055
Dhaka,Fennel,Drip Irrigation,12094.269806341928,12418.716675222637
Dhaka,Opium,Sprinkler Irrigation,7627.310714730009,7396.691139784864
Sylhet,Fenugreek,Drip Irrigation,10413.521506481204,9886.285296040316
Rajshahi,Pomegranate,Drip Irrigation,12193.869090437394,11979.820226899894
Rangpur,Sugarcane,Drip Irrigation,14449.434058290164,14962.769915613875
Rangpur,Bajra,Sprinkler Irrigation,15528.132142730918,15790.83754804346
Cumilla,Barley,Canal Irrigation,12545.479199841033,13191.874760633966
Rajshahi,Onion,Tube Well,16516.896430691613,16182.340860169454
Cumilla,Gram,Sprinkler Irrigation,12913.916198874264,12926.585226714868
Sylhet,Citrus,Canal Irrigation,11118.11461628748,10172.816402954222
Dhaka,Fennel,Sprinkler Irrigation,10903.62158715328,11485.660222781187
Chittagong,Wheat,Tube Well,8467.26546540065,8078.360540914397
Bogra,Mustard,Drip Irrigation,6610.143110074755,6642.874892176802
Chittagong,Coriander,Tube Well,14303.01219457487,13941.81045305068
Rajshahi,Pulses,Canal Irrigation,7691.244304456919,7877.285135467985
Sylhet,Sugarcane,Sprinkler Irrigation,7133.565728908707,6868.764855240055
Cumilla,Pomegranate,Sprinkler Irrigation,5459.316999637401,4505.257189045351
Mymensingh,Fennel,Sprinkler Irrigation,12894.040646045854,13842.2957895456
Barisal,Cotton,Sprinkler Irrigation,6833.1422244262885,7069.150323578486
Bogra,Cotton,Sprinkler Irrigation,6156.527636076906,5892.367944297931
Bogra,Gram,Drip Irrigation,13044.741716778171,12915.05918740857
Rajshahi,Fenugreek,Tube Well,6100.508015660505,6527.63543958986
Barisal,Cotton,Canal Irrigation,13796.69414857036,13560.84117883747
Cumilla,Bajra,Sprinkler Irrigation,13113.398314287464,12679.33280435286
Barisal,Citrus,Sprinkler Irrigation,10211.1619322817,9503.04763651256
Rangpur,Cotton,Sprinkler Irrigation,12282.296599456238,13096.953069402116
Sylhet,Cumin,Tube Well,6299.818711349865,6237.581927446101
Sylhet,Opium,Tube Well,12890.67771950633,13317.349617625414
Cumilla,Coriander,Canal Irrigation,6830.890015493443,6944.889964274461
Dhaka,Mango,Sprinkler Irrigation,9686.704405704371,9395.30777286522
Bogra,Fenugreek,Drip Irrigation,5438.249894309379,5447.33388982535
Cumilla,Sugarcane,Tube Well,9678.090295619617,8942.566803045785
Mymensingh,Barley,Sprinkler Irrigation,8634.32478743153,8641.818231111933
Sylhet,Tomato,Sprinkler Irrigation,5741.696897283396,6162.208046606736
Cumilla,Pulses,Canal Irrigation,7118.811216222247,6207.135539198666
Chittagong,Onion,Canal Irrigation,12395.029920871057,13247.504005815872
Rangpur,Cotton,Canal Irrigation,11376.228274717105,11247.779011929282
Chittagong,Mango,Tube Well,12484.253173600146,11786.782665913928
Rajshahi,Barley,Sprinkler Irrigation,7095.852075264301,6555.573166402743
Dhaka,Onion,Canal Irrigation,8018.848007134954,7953.113686798819
Jessore,Onion,Drip Irrigation,10307.853251903469,11285.490419312966
Mymensingh,Onion,Tube Well,10766.865664626665,11458.542366526488
Chittagong,Gram,Canal Irrigation,7163.283216558158,7899.629435801512
Chittagong,Oilseeds,Canal Irrigation,9369.466939081669,9695.742296472272
Barisal,Cumin,Drip Irrigation,11546.486122084414,11688.06174435346
Cumilla,Mustard,Sprinkler Irrigation,13705.24024420113,14059.057276393854
Sylhet,Wheat,Canal Irrigation,10898.390336666438,11259.669155541857
Cumilla,Guava,Drip Irrigation,13202.485778852955,12510.036716220551
Jessore,Tomato,Tube Well,10046.852342050624,10957.255403996636
Bogra,Fenugreek,Drip Irrigation,8844.268048973647,7931.962048028268
Bogra,Tomato,Canal Irrigation,15011.756121296608,16011.398340457396
Bogra,Pulses,Sprinkler Irrigation,15740.431457983404,16343.547383826584
Rangpur,Mango,Drip Irrigation,14067.416243968542,14161.72868758106
Bogra,Pomegranate,Drip Irrigation,8331.344158906848,7687.365760465774
Cumilla,Mustard,Drip Irrigation,14521.551381176943,13847.432748927453
Cumilla,Sugarcane,Sprinkler Irrigation,8027.02264421334,8008.712839432565
Cumilla,Sugarcane,Sprinkler Irrigation,9588.476682217606,8780.699677261195
Sylhet,Chilli,Sprinkler Irrigation,11541.94781060204,12312.773887885804
Rajshahi,Cotton,Tube Well,8182.760002954727,8027.832701711695
Sylhet,Coriander,Sprinkler Irrigation,10921.137569463444,10773.17176710606
Dhaka,Chilli,Canal Irrigation,15127.411793933654,15480.291857947705
Chittagong,Onion,Drip Irrigation,9516.809646994006,9391.520684856056
Rajshahi,Sugarcane,Sprinkler Irrigation,15072.945746839408,15441.57362143588
Rangpur,Maize,Tube Well,8680.0331503779,7775.489699172919
Jessore,Barley,Drip Irrigation,10223.51050342296,10049.549312461426
Rajshahi,Fenugreek,Canal Irrigation,10637.32123043492,10808.456999947715
Mymensingh,Wheat,Drip Irrigation,11628.134621690746,11553.89250934553
Chittagong,Pomegranate,Drip Irrigation,7783.904317426316,8537.415011697321
Rangpur,Mango,Tube Well,13456.823657807305,13356.719469243038
Rangpur,Mango,Sprinkler Irrigation,6794.217285420085,5950.658344339356
Bogra,Cotton,Drip Irrigation,10268.31714118815,9304.147579412333
Cumilla,Gram,Drip Irrigation,5961.018345394347,5915.258093219061
Cumilla,Fenugreek,Tube Well,9270.968082428504,9897.233041613656
Bogra,Guava,Tube Well,14413.969484412684,13589.239745657002
Chittagong,Wheat,Sprinkler Irrigation,6592.13611520169,5623.906608232721
Barisal,Wheat,Sprinkler Irrigation,10457.680190138171,9747.988571006308
Barisal,Citrus,Sprinkler Irrigation,8098.752695804994,8638.194988605921
Chittagong,Onion,Tube Well,5882.973021388557,5215.184007740752
Chittagong,Opium,Tube Well,13120.875936312124,13063.854333616358
Rajshahi,Cumin,Sprinkler Irrigation,8969.528013314573,9108.38893680526
Cumilla,Barley,Canal Irrigation,7262.329409817388,7523.149170492066
Cumilla,Citrus,Tube Well,12638.373823058402,12830.05292421378
Mymensingh,Sugarcane,Drip Irrigation,11438.122672003688,11410.324593248482
Bogra,Coriander,Tube Well,9172.024047807055,8293.433412273556
Dhaka,Citrus,Canal Irrigation,10164.105366294296,9699.803107994663
Cumilla,Onion,Drip Irrigation,9945.804199045177,10823.733151115945
Sylhet,Tomato,Tube Well,6948.836672280033,6524.858235187268
Barisal,Onion,Canal Irrigation,11618.405253639075,11633.677144096084
Bogra,Fenugreek,Canal Irrigation,15100.293479114109,15807.20106202994
Rajshahi,Pulses,Canal Irrigation,11406.57517512807,11187.31764097883
Cumilla,Fenugreek,Canal Irrigation,15779.472333764716,16378.982451697002
Chittagong,Coriander,Sprinkler Irrigation,8088.553493672884,8587.062097337996
Rajshahi,Pulses,Sprinkler Irrigation,7534.106106686366,7745.604121198811
Jessore,Citrus,Tube Well,9031.826119733782,8450.69200244088
Dhaka,Wheat,Canal Irrigation,16092.813680548305,15806.901430222144
Chittagong,Oilseeds,Drip Irrigation,14393.826452646068,14069.295961869477
Jessore,Coriander,Sprinkler Irrigation,7380.173966614751,6828.36524409436
Rangpur,Mango,Canal Irrigation,13523.13612545464,14063.325911377906
Mymensingh,Cotton,Sprinkler Irrigation,13740.204329284716,14487.595680081347
Bogra,Fenugreek,Drip Irrigation,13047.373212415954,13900.637409322457
Rajshahi,Tomato,Drip Irrigation,11035.2873942164,11598.592185228395
Bogra,Gram,Drip Irrigation,10252.36347286391,9586.45606948313
Jessore,Bajra,Canal Irrigation,7592.191945521629,7176.437920958843
Rajshahi,Chilli,Tube Well,11143.498804482302,10342.087282366472
Sylhet,Mango,Sprinkler Irrigation,7381.405459318455,6785.186119934442
Cumilla,Wheat,Sprinkler Irrigation,13237.011818185616,13184.338483427931
Rangpur,Chilli,Sprinkler Irrigation,7955.053549886496,7699.926264692094
Cumilla,Guava,Sprinkler Irrigation,8522.951453790756,9029.965795884971
Cumilla,Maize,Sprinkler Irrigation,12600.313282212364,12427.13211970632
Cumilla,Tomato,Canal Irrigation,14275.043221708587,14160.20060040575
Dhaka,Opium,Drip Irrigation,6712.993163094633,6342.602306853211
Chittagong,Citrus,Drip Irrigation,9108.540518589936,8182.72798598882
Chittagong,Cumin,Drip Irrigation,15088.225896793248,16048.320046403194
Mymensingh,Sugarcane,Tube Well,8888.707745250778,9250.449060090952
Mymensingh,Sugarcane,Canal Irrigation,12579.517166782887,11595.321633790458
Rangpur,Chilli,Sprinkler Irrigation,13068.755745973094,12961.13384737978
Barisal,Garlic,Tube Well,13050.127186963084,13825.47697997748
Cumilla,Bajra,Canal Irrigation,6214.929226410636,6289.796211709224
Cumilla,Pulses,Canal Irrigation,8633.055423221771,8656.398636895987
Rangpur,Chilli,Canal Irrigation,12004.150042499814,11324.20472295785
Dhaka,Garlic,Canal Irrigation,8378.946113455902,8927.261687743408
Cumilla,Chilli,Drip Irrigation,13620.514318367215,14303.681200360314
Rangpur,Fennel,Canal Irrigation,7090.404122415834,7603.524008500664
Jessore,Tomato,Canal Irrigation,11659.040836494738,10669.467632769329
Sylhet,Maize,Sprinkler Irrigation,8680.344395333677,8249.415385224407
Bogra,Fenugreek,Sprinkler Irrigation,12184.967373149417,12224.30066804042
Barisal,Gram,Canal Irrigation,10428.8659361957,9813.976460832844
Sylhet,Tomato,Drip Irrigation,6772.560136208811,6623.944400863293
Cumilla,Mustard,Drip Irrigation,6443.783744056601,7220.802337756284
Rajshahi,Bajra,Tube Well,5664.668930868328,6018.313816382343
Cumilla,Cumin,Tube Well,13167.976886642322,13336.584441954648
Cumilla,Tomato,Tube Well,12226.923941094436,12060.768644885156
Chittagong,Pulses,Sprinkler Irrigation,10097.40362831526,10012.829228864615
Mymensingh,Chilli,Drip Irrigation,11954.39626777178,11865.26101543545
Dhaka,Oilseeds,Canal Irrigation,14206.982569409576,13444.51468739626
Cumilla,Gram,Drip Irrigation,9773.413969789834,9352.59511999202
Mymensingh,Pulses,Drip Irrigation,10160.285521493472,11142.32572373054
Rangpur,Sugarcane,Tube Well,5845.579839643187,5131.318622855786
Bogra,Citrus,Drip Irrigation,12695.000311832227,12305.328239437398
Rangpur,Bajra,Sprinkler Irrigation,11978.690744522712,11956.278057013738
Jessore,Garlic,Canal Irrigation,6286.133218558781,5375.498170669654
Rajshahi,Cumin,Canal Irrigation,10701.529030312417,11502.103606240617
Cumilla,Onion,Sprinkler Irrigation,11867.533937968168,11877.061660512543
Rajshahi,Tomato,Tube Well,6389.384382921093,6845.112695133565
Jessore,Coriander,Tube Well,9052.48019486478,9852.969030369388
Sylhet,Garlic,Drip Irrigation,14888.01041243704,15668.096742658578
Rangpur,Fennel,Drip Irrigation,14614.340942415016,15028.758194729167
Bogra,Fennel,Canal Irrigation,10433.480212193725,9681.043434898764
Mymensingh,Mustard,Sprinkler Irrigation,13993.6820490573,14077.350706849742
Dhaka,Cumin,Sprinkler Irrigation,11573.02095210652,11578.298554434346
Dhaka,Gram,Sprinkler Irrigation,14615.296697807446,14165.221753710002
Barisal,Maize,Tube Well,6188.138355038105,6255.2260888858245
Sylhet,Pomegranate,Drip Irrigation,11020.64323400702,11888.340801101334
Sylhet,Citrus,Sprinkler Irrigation,7995.98896668812,8715.28578756564
Sylhet,Pomegranate,Canal Irrigation,6573.9861731409965,7533.55840043028
Mymensingh,Oilseeds,Canal Irrigation,7516.005473487724,7027.114524123787
Jessore,Pulses,Canal Irrigation,14837.31992525216,15194.5370608185
Dhaka,Coriander,Canal Irrigation,9688.745624171432,10115.346871042511
Rangpur,Pomegranate,Drip Irrigation,9191.0086500276,9016.65427402462
Sylhet,Cotton,Tube Well,13020.909169620389,13819.912176450696
Dhaka,Bajra,Sprinkler Irrigation,12647.303409505934,12819.36156320216
Rajshahi,Chilli,Tube Well,11960.80291292598,11499.377967044493
Sylhet,Tomato,Tube Well,6536.0157338670315,5593.8286094879595
Barisal,Wheat,Canal Irrigation,10071.425555700704,10243.770950715843
Jessore,Maize,Sprinkler Irrigation,9541.705413037927,9355.197255873803
Jessore,Fennel,Sprinkler Irrigation,12329.007656469012,11613.741717431589
Mymensingh,Oilseeds,Sprinkler Irrigation,10711.271862765088,10558.776775996104
Mymensingh,Tomato,Drip Irrigation,5627.102215089034,5556.4063225332375
Bogra,Sugarcane,Sprinkler Irrigation,7049.0468662545945,7916.060498340674
Rajshahi,Cotton,Canal Irrigation,13119.932412892736,12880.239441771097
Sylhet,Fennel,Sprinkler Irrigation,13331.070521078846,13351.72736428381
Dhaka,Oilseeds,Drip Irrigation,9414.5249111605,9205.134713442792
Jessore,Pulses,Canal Irrigation,14574.80398779247,13996.50434037846
Mymensingh,Mango,Canal Irrigation,12148.556183556968,13107.836879363322
Rajshahi,Cotton,Sprinkler Irrigation,12431.49424328261,12074.770746094962
Barisal,Tomato,Canal Irrigation,4958.727041789463,5342.4171625718045
Dhaka,Coriander,Tube Well,5870.109122642528,4889.266348619508
Chittagong,Citrus,Tube Well,13949.245175132266,14025.50808253521
Jessore,Garlic,Drip Irrigation,13964.53158803616,14596.644786549148
Rajshahi,Fenugreek,Drip Irrigation,7887.416530584933,8512.979025226125
Bogra,Guava,Tube Well,7554.8802303972925,8090.811919121299
Dhaka,Gram,Tube Well,10924.993374956945,10310.975090346696
Dhaka,Maize,Drip Irrigation,14425.025989367216,14786.134693597383
Sylhet,Bajra,Drip Irrigation,13263.773595322256,13514.24671170787
Barisal,Maize,Tube Well,16104.83832729682,15178.430413146409
Rajshahi,Opium,Sprinkler Irrigation,5841.960732278927,6810.487808241999
Cumilla,Gram,Canal Irrigation,9226.887720746156,9214.910363633944
Mymensingh,Bajra,Sprinkler Irrigation,5979.184724824695,5235.6775145994325
Jessore,Pulses,Canal Irrigation,16652.954044443934,17363.911962431714
Mymensingh,Cotton,Sprinkler Irrigation,13255.57930120366,12301.81431111161
Mymensingh,Coriander,Canal Irrigation,11830.992771319668,12597.19664349259
Dhaka,Citrus,Drip Irrigation,13274.417579125737,12920.416108210482
Cumilla,Cotton,Drip Irrigation,14429.672114272082,14362.845569504088
Sylhet,Chilli,Drip Irrigation,16223.121137708937,15672.21754987536
Rangpur,Citrus,Tube Well,10808.950101004668,10592.667870308707
Sylhet,Mustard,Drip Irrigation,14675.207512636123,14126.463519265822
Cumilla,Mustard,Sprinkler Irrigation,8001.647500056286,7660.096767068254
Jessore,Fennel,Drip Irrigation,5302.823538761186,5166.721425753567
Dhaka,Cumin,Canal Irrigation,15567.966036128775,15062.273168310909
Rajshahi,Maize,Canal Irrigation,11917.012647669542,12560.280239467676
Mymensingh,Maize,Drip Irrigation,13263.157760483917,13502.290871700485
Jessore,Fennel,Tube Well,9980.289075944636,9151.358474087414
Dhaka,Barley,Tube Well,8300.162932253157,8995.547221478551
Jessore,Pulses,Drip Irrigation,13077.09762424072,12960.934430877602
Rangpur,Coriander,Tube Well,6191.3941317405215,6546.52304668967
Mymensingh,Barley,Canal Irrigation,12913.495627174372,12716.861753232328
Bogra,Citrus,Sprinkler Irrigation,13025.66205581681,13600.61167290054
Bogra,Wheat,Tube Well,10243.220788872171,10833.55014429243
Bogra,Coriander,Drip Irrigation,8055.9239518462355,8931.093656339759
Dhaka,Tomato,Canal Irrigation,11539.318541179751,10755.33172093928
Dhaka,Coriander,Drip Irrigation,12716.654361212237,13398.21328603049
Bogra,Pulses,Canal Irrigation,8726.45618425168,8689.254790477871
Bogra,Tomato,Sprinkler Irrigation,7600.513584930311,8194.564752955905
Dhaka,Pulses,Canal Irrigation,11001.113777556202,11027.36525693963
Sylhet,Sugarcane,Sprinkler Irrigation,8191.028656853088,7808.377485814483
Sylhet,Sugarcane,Canal Irrigation,15018.407419422276,15053.76859892965
Chittagong,Barley,Sprinkler Irrigation,10002.79757694187,10673.147436528972
Dhaka,Citrus,Canal Irrigation,8134.087810316812,7534.831617283277
Barisal,Mustard,Canal Irrigation,6854.97221419856,6806.422334033424
Rajshahi,Coriander,Canal Irrigation,14599.365644038717,14731.559462176734
Sylhet,Coriander,Canal Irrigation,10167.395738977157,9491.955712229688
Rajshahi,Barley,Tube Well,7729.18636045477,6736.580504971462
Barisal,Opium,Sprinkler Irrigation,9343.571349300251,8769.848364494834
Rajshahi,Mango,Tube Well,7151.993599566912,6520.482623998681
Dhaka,Guava,Drip Irrigation,7019.960244467016,6079.995421857168
Jessore,Pulses,Canal Irrigation,11188.189069974242,11450.858224762593
Sylhet,Barley,Drip Irrigation,7295.50888848457,6863.710656497609
Barisal,Cotton,Sprinkler Irrigation,9473.58049768334,9582.590407998085
Chittagong,Bajra,Drip Irrigation,6001.7500999127715,5525.32731186869
Jessore,Wheat,Sprinkler Irrigation,8860.161716298217,9434.9898773741
Jessore,Mango,Sprinkler Irrigation,8718.488342386052,8198.788208133155
Sylhet,Fenugreek,Sprinkler Irrigation,13154.102433218326,14108.306125282355
Bogra,Citrus,Drip Irrigation,6404.663277544464,7170.109522084611
Chittagong,Bajra,Sprinkler Irrigation,10072.258433289788,10460.966225665105
Sylhet,Coriander,Tube Well,15225.069711242511,14714.16898911158
Dhaka,Coriander,Sprinkler Irrigation,13433.466989800912,13021.832481870451
Chittagong,Mango,Sprinkler Irrigation,5029.106724321784,5620.330564440331
Chittagong,Chilli,Tube Well,6211.360931260844,5374.176334970632
Rajshahi,Fenugreek,Drip Irrigation,7051.334138020399,6827.565825555865
Mymensingh,Guava,Tube Well,11158.384315230622,10516.38135004592
Sylhet,Chilli,Tube Well,9022.719606745335,9012.3036574269
Rangpur,Cumin,Tube Well,11156.1197369545,11737.368699595005
Dhaka,Bajra,Sprinkler Irrigation,13314.374907775818,13218.535047681751
Barisal,Pomegranate,Sprinkler Irrigation,9969.341013798832,10746.758872892424
Bogra,Oilseeds,Canal Irrigation,7971.550710766814,7141.06854278272
Jessore,Sugarcane,Tube Well,11078.012234720118,10538.367391141215
Dhaka,Tomato,Canal Irrigation,9973.846374892326,9908.948352367395
Cumilla,Guava,Tube Well,6966.954160561283,6731.696013809137
Chittagong,Tomato,Sprinkler Irrigation,9035.1976867941,8186.974572170864
Jessore,Sugarcane,Drip Irrigation,13354.444492207802,14207.656330628157
Jessore,Gram,Drip Irrigation,9711.880604946184,9803.932724921076
Sylhet,Bajra,Canal Irrigation,11489.442439388004,11979.865132514871
Rangpur,Bajra,Sprinkler Irrigation,11862.468031880786,12367.234745204756
Mymensingh,Cotton,Drip Irrigation,15160.83569594114,14724.526236468078
Sylhet,Pomegranate,Tube Well,13011.665536441307,13527.277686504056
Dhaka,Onion,Sprinkler Irrigation,14185.398519090551,13640.555504417054
Barisal,Onion,Sprinkler Irrigation,10593.99207429566,11165.941370779285
Rajshahi,Tomato,Canal Irrigation,12570.32903351297,12196.478700504824
Barisal,Citrus,Tube Well,7436.87756016552,7336.821431260463
Mymensingh,Wheat,Canal Irrigation,7489.464053047168,8236.964474576365
Rangpur,Wheat,Tube Well,11276.74054821339,11945.338311314588
Sylhet,Maize,Tube Well,10569.404101226044,11074.656468534316
Mymensingh,Sugarcane,Canal Irrigation,10813.02044691827,10948.175301951396
Dhaka,Pulses,Sprinkler Irrigation,13123.230944515944,14111.745685731805
Bogra,Fennel,Tube Well,14154.56027453769,13562.969511634785
Cumilla,Mustard,Tube Well,8662.43047295623,7879.707185147951
Bogra,Tomato,Canal Irrigation,6473.048602163386,5681.674957019959
Mymensingh,Oilseeds,Drip Irrigation,13919.973227919236,14126.70105285475
Dhaka,Oilseeds,Sprinkler Irrigation,6141.130137048471,7067.119249096234
Rangpur,Bajra,Sprinkler Irrigation,9273.274584228087,9322.065978908518
Rajshahi,Barley,Canal Irrigation,11398.0014965989,10741.652930286888
Cumilla,Pomegranate,Sprinkler Irrigation,17661.95826907656,16920.233607137015
Cumilla,Onion,Drip Irrigation,9334.133898062048,10141.308906503547
Barisal,Pulses,Sprinkler Irrigation,9375.416031194389,10011.208237566285
Rajshahi,Oilseeds,Canal Irrigation,11398.120605610857,11403.070647929737
Rajshahi,Cotton,Sprinkler Irrigation,6853.193864404048,6138.577840591331
Jessore,Pomegranate,Sprinkler Irrigation,9961.206692476528,10781.81177035758
Rajshahi,Tomato,Tube Well,12018.49772360124,12493.079145380376
Rangpur,Fennel,Tube Well,8943.452445967252,9628.731393792206
Rangpur,Pomegranate,Sprinkler Irrigation,9672.984588468807,9032.140808129516
Bogra,Citrus,Tube Well,9548.801034038604,9866.96110874117
Bogra,Gram,Tube Well,12597.75083704138,11685.079766341914
Chittagong,Cotton,Canal Irrigation,11860.438630631348,10993.92635735019
Barisal,Onion,Tube Well,15252.106647379234,15357.754436637457
Sylhet,Mustard,Drip Irrigation,12202.819564541069,12761.840848614856
Cumilla,Tomato,Sprinkler Irrigation,9090.349281041008,9102.478424586565
Rajshahi,Wheat,Drip Irrigation,12771.038840335885,13122.282973297755
Rajshahi,Pomegranate,Canal Irrigation,12134.46143114114,12846.007720978554
Cumilla,Barley,Drip Irrigation,7521.343135915728,7939.542346039996
Chittagong,Mango,Tube Well,11352.795163935189,10489.269506319357
Mymensingh,Fenugreek,Sprinkler Irrigation,13510.47966623609,13385.92697138278
Rajshahi,Cotton,Sprinkler Irrigation,8645.003669096564,7681.135924397273
Jessore,Oilseeds,Canal Irrigation,6687.487543162171,7170.380509296265
Chittagong,Mustard,Drip Irrigation,11818.775932251872,11125.768886873457
Sylhet,Oilseeds,Sprinkler Irrigation,10391.879107326697,11177.254518763317
Mymensingh,Bajra,Tube Well,11789.092487548676,12462.094769852103
Mymensingh,Fennel,Drip Irrigation,10463.858698254631,10080.507200067846
Dhaka,Coriander,Drip Irrigation,6137.6533560952985,5892.44441867556
Barisal,Maize,Canal Irrigation,15086.931430738572,14486.902812930148
Dhaka,Citrus,Drip Irrigation,14619.697117978789,14293.930402877284
Barisal,Fenugreek,Drip Irrigation,8243.87379085683,9008.445906048692
Chittagong,Oilseeds,Drip Irrigation,8623.14012427465,7838.507781453653
Sylhet,Mango,Sprinkler Irrigation,11721.091113841549,12589.745849849338
Cumilla,Citrus,Drip Irrigation,5671.343750355311,4883.114379591061
Sylhet,Oilseeds,Drip Irrigation,9439.47521978525,9071.955662487742
Cumilla,Bajra,Tube Well,6679.606938032056,6995.530342950442
Rangpur,Fennel,Canal Irrigation,7166.738306348431,7937.658407433153
Cumilla,Sugarcane,Tube Well,16002.210843776358,15205.838023526132
Mymensingh,Cumin,Sprinkler Irrigation,8653.27981112108,7842.768946265241
Sylhet,Fennel,Tube Well,13941.690262110566,14886.423967801164
Chittagong,Mango,Sprinkler Irrigation,10606.223504465404,11374.157568848092
Sylhet,Fenugreek,Tube Well,7762.212786703174,6797.510383284951
Bogra,Tomato,Tube Well,11587.287042980064,12070.914887320052
Mymensingh,Cumin,Drip Irrigation,7901.998227265014,8134.695576439946
Jessore,Sugarcane,Sprinkler Irrigation,14076.781916454229,14591.273403652487
Bogra,Mustard,Drip Irrigation,6437.264173306734,6434.717137144935
Barisal,Pulses,Tube Well,7193.092734783463,6268.906165898375
Bogra,Tomato,Canal Irrigation,6769.707101625342,6404.784423804452
Dhaka,Chilli,Tube Well,11206.509299486355,10783.419508405268
Dhaka,Maize,Canal Irrigation,8124.720059303128,7536.354929762442
Dhaka,Fenugreek,Sprinkler Irrigation,14829.134027854943,15221.690124758956
Barisal,Coriander,Tube Well,10416.447934277046,9783.5388813442
Dhaka,Mustard,Tube Well,6863.570289614884,6248.501184170138
Chittagong,Bajra,Sprinkler Irrigation,6436.522126594041,6621.78342901822
Barisal,Maize,Drip Irrigation,8045.384111521924,7979.532606592008
Chittagong,Bajra,Sprinkler Irrigation,10081.243355329048,10292.945825050028
Rangpur,Sugarcane,Tube Well,11896.694664139975,11299.496673601214
Rajshahi,Mustard,Canal Irrigation,9518.420014325224,8853.95209054564
Rajshahi,Citrus,Tube Well,11085.604097247267,11724.811713006602
Rajshahi,Wheat,Tube Well,11803.361919248924,10969.827630229493
Rangpur,Coriander,Sprinkler Irrigation,11975.95081041919,11327.349446183489
Cumilla,Tomato,Canal Irrigation,10189.053450926966,9939.347220795313
Bogra,Onion,Drip Irrigation,10136.330451762096,10566.057193512012
Barisal,Pulses,Sprinkler Irrigation,5526.651109413838,6249.9613639384825
Sylhet,Onion,Tube Well,15110.09187606618,15990.661846594212
Sylhet,Pomegranate,Tube Well,8945.537122045691,9920.581247190008
Jessore,Citrus,Drip Irrigation,15326.493667644345,14575.448684746496
Bogra,Oilseeds,Sprinkler Irrigation,14503.638674506625,15417.832427738063
Sylhet,Chilli,Tube Well,12572.918849619173,12309.279931464564
Dhaka,Fennel,Tube Well,14752.660104771234,15223.988515974735
Barisal,Onion,Drip Irrigation,11927.850412717902,11650.678989147877
Dhaka,Opium,Sprinkler Irrigation,7550.147897052731,7461.089437417133
Chittagong,Cotton,Sprinkler Irrigation,11279.218390687633,12182.774881564972
Chittagong,Wheat,Drip Irrigation,13059.561847404677,13348.356628845317
Cumilla,Pomegranate,Drip Irrigation,9461.263911372687,8838.910415357706
Cumilla,Oilseeds,Tube Well,10271.70641824336,9876.145550168569
Mymensingh,Fenugreek,Tube Well,12984.409466095063,13452.2763400092
Jessore,Gram,Canal Irrigation,14130.558635223928,13668.601310908767
Barisal,Pomegranate,Canal Irrigation,6101.421126525872,5438.218510197712
Rajshahi,Wheat,Drip Irrigation,6487.909180173512,6880.5425947078365
Mymensingh,Citrus,Canal Irrigation,11398.212254415364,10739.480766670336
Sylhet,Oilseeds,Sprinkler Irrigation,7842.481531152681,7206.450194109242
Jessore,Tomato,Sprinkler Irrigation,7868.457709436712,6986.421839330428
Chittagong,Bajra,Canal Irrigation,13002.941293250622,13746.172387265153
Rajshahi,Fennel,Drip Irrigation,14276.93126698208,13609.183532194167
Rangpur,Mustard,Tube Well,7011.556633995436,6140.081508774301
